Employee_Name,EmpID,MarriedID,MaritalStatusID,GenderID,EmpStatusID,DeptID,PerfScoreID,FromDiversityJobFairID,Salary,Termd,PositionID,Position,State,Zip,DOB corrected,Sex,MaritalDesc,CitizenDesc,HispanicLatino,RaceDesc,Date of Hire Corrected,Date Of termination Corrected,Months Worked,Days Worked,TermReason,EmploymentStatus,Department Trimmed,ManagerName,ManagerID,RecruitmentSource,PerformanceScore,EngagementSurvey,EmpSatisfaction,SpecialProjectsCount,Last_Performance_review date corrected,DaysLateLast30,Absences,Absent percentage per days worked
"Adinolfi, Wilson  K",10026,0,0,1,1,5,4,0,62506,0,19,Production Technician I,MA,1960,07-10-1983,M ,Single,US Citizen,No,White,07-05-2011,,Still working,Still working,N/A-StillEmployed,Active,Production,Michael Albert,22,LinkedIn,Exceeds,4.6,5,0,01-05-2020,0,1,NA
"Ait Sidi, Karthikeyan   ",10084,1,1,1,5,3,3,0,104437,1,27,Sr. DBA,MA,2148,05-05-1975,M ,Married,US Citizen,No,White,03-06-2017,06-04-2017,Wrong date of termination,Wrong date of termination,career change,Voluntarily Terminated,IT/IS,Simon Roup,4,Indeed,Fully Meets,4.96,3,6,02-12-2017,0,17,NA
"Akinkuolie, Sarah",10196,1,1,0,5,5,3,0,64955,1,20,Production Technician II,MA,1810,09-01-1900,F,Married,US Citizen,No,White,07-05-2011,09-12-2013,31,947,hours,Voluntarily Terminated,Production,Kissy Sullivan,20,LinkedIn,Fully Meets,3.02,3,0,05-03-2013,0,3,0.32%
"Alagbe,Trina",10088,1,1,0,1,5,3,0,64991,0,19,Production Technician I,MA,1886,09-03-1990,F,Married,US Citizen,No,White,01-07-2008,,Still working,Still working,N/A-StillEmployed,Active,Production,Elijiah Gray,16,Indeed,Fully Meets,4.84,5,0,01-03-2019,0,15,NA
"Anderson, Carol ",10069,0,2,0,5,5,3,0,50825,1,19,Production Technician I,MA,2169,09-08-1989,F,Divorced,US Citizen,No,White,07-11-2011,09-06-2016,55,1676,return to school,Voluntarily Terminated,Production,Webster Butler,39,Google Search,Fully Meets,5,4,0,02-01-2016,0,2,0.12%
"Anderson, Linda  ",10002,0,0,0,1,5,4,0,57568,0,19,Production Technician I,MA,1844,05-10-1978,F,Single,US Citizen,No,White,01-09-2012,,Still working,Still working,N/A-StillEmployed,Active,Production,Amy Dunn,11,LinkedIn,Exceeds,5,5,0,01-07-2019,0,15,NA
"Andreola, Colby",10194,0,0,0,1,4,3,0,95660,0,24,Software Engineer,MA,2110,05-12-1980,F,Single,US Citizen,No,White,11-10-2014,,Still working,Still working,N/A-StillEmployed,Active,Software Engineering,Alex Sweetwater,10,LinkedIn,Fully Meets,3.04,3,4,01-02-2019,0,19,NA
"Athwal, Sam",10062,0,4,1,1,5,3,0,59365,0,19,Production Technician I,MA,2199,02-06-1984,M ,Widowed,US Citizen,No,White,09-06-2015,,Still working,Still working,N/A-StillEmployed,Active,Production,Ketsia Liebig,19,Employee Referral,Fully Meets,5,4,0,02-01-2021,0,19,NA
"Bachiochi, Linda",10114,0,0,0,3,5,3,1,47837,0,19,Production Technician I,MA,1902,02-11-1970,F,Single,US Citizen,No,Black or African American,07-06-2009,,Still working,Still working,N/A-StillEmployed,Active,Production,Brannon Miller,12,Diversity Job Fair,Fully Meets,4.46,3,0,01-01-2021,0,4,NA
"Bacong, Alejandro ",10250,0,2,1,1,3,3,0,50178,0,14,IT Support,MA,1886,01-07-1988,M ,Divorced,US Citizen,No,White,01-05-2015,,Still working,Still working,N/A-StillEmployed,Active,IT/IS,Peter Monroe,7,Indeed,Fully Meets,5,5,6,02-06-2020,0,16,NA
"Baczenski, Rachael  ",10252,1,1,0,5,5,3,1,54670,1,19,Production Technician I,MA,1902,01-12-1974,F,Married,US Citizen,Yes,Black or African American,01-10-2011,01-12-2017,74,2253,Another position,Voluntarily Terminated,Production,David Stanley,14,Diversity Job Fair,Fully Meets,4.2,4,0,01-06-2018,0,12,0.53%
"Barbara, Thomas",10242,1,1,1,5,5,3,1,47211,1,19,Production Technician I,MA,2062,02-09-1975,M ,Married,US Citizen,Yes,Black or African American,04-02-2012,09-07-2017,65,1982,unhappy,Voluntarily Terminated,Production,Kissy Sullivan,20,Diversity Job Fair,Fully Meets,4.2,3,0,05-06-2016,0,15,0.76%
"Barbossa, Hector",10012,0,2,1,1,3,4,1,92328,0,9,Data Analyst,TX,78230,07-04-1988,M ,Divorced,US Citizen,No,Black or African American,11-10-2014,,Still working,Still working,N/A-StillEmployed,Active,IT/IS,Simon Roup,4,Diversity Job Fair,Exceeds,4.28,4,5,02-01-2021,0,9,NA
"Barone, Francesco  A",10265,0,0,1,1,5,3,0,58709,0,19,Production Technician I,MA,1810,07-08-1984,M ,Single,US Citizen,No,Two or more races,02-08-2013,,Still working,Still working,N/A-StillEmployed,Active,Production,Kelley Spirea,18,Google Search,Fully Meets,4.6,4,0,02-02-2020,0,7,NA
"Barton, Nader",10066,0,2,1,5,5,3,0,52505,1,19,Production Technician I,MA,2747,07-03-1978,M ,Divorced,US Citizen,No,White,09-12-2013,04-06-2017,41,1273,Another position,Voluntarily Terminated,Production,Michael Albert,22,On-line Web application,Fully Meets,5,5,0,03-02-2017,0,1,0.08%
"Bates, Norman",10061,0,0,1,4,5,3,0,57834,1,19,Production Technician I,MA,2050,10-06-1982,M ,Single,US Citizen,No,White,02-09-2012,08-04-2017,55,1679,attendance,Terminated for Cause,Production,Kelley Spirea,18,Google Search,Fully Meets,5,4,0,04-05-2017,0,20,1.19%
"Beak, Kimberly  ",10023,1,1,0,2,5,4,0,70131,0,20,Production Technician II,MA,2145,04-05-1967,F,Married,US Citizen,No,White,07-09-2017,,Still working,Still working,N/A-StillEmployed,Active,Production,Kelley Spirea,18,Employee Referral,Exceeds,4.4,3,0,01-02-2020,0,16,NA
"Beatrice, Courtney ",10055,0,0,0,1,5,3,0,59026,0,19,Production Technician I,MA,1915,10-03-1972,F,Single,Eligible NonCitizen,No,White,04-04-2011,,Still working,Still working,N/A-StillEmployed,Active,Production,Elijiah Gray,16,Google Search,Fully Meets,5,5,0,01-02-2020,0,12,NA
"Becker, Renee",10245,0,0,0,4,3,3,0,110000,1,8,Database Administrator,MA,2026,04-04-1986,F,Single,US Citizen,Yes,White,07-07-2014,09-12-2015,17,520,performance,Terminated for Cause,IT/IS,Simon Roup,4,Google Search,Fully Meets,4.5,4,5,01-03-2016,0,8,1.54%
"Becker, Scott",10277,0,0,1,3,5,3,0,53250,0,19,Production Technician I,MA,2452,04-06-1979,M ,Single,US Citizen,No,Asian,07-08-2013,,Still working,Still working,N/A-StillEmployed,Active,Production,Webster Butler,,LinkedIn,Fully Meets,4.2,4,0,01-11-2019,0,13,NA
"Bernstein, Sean",10046,0,0,1,1,5,3,0,51044,0,19,Production Technician I,MA,2072,12-10-1971,M ,Single,US Citizen,Yes,White,04-02-2012,,Still working,Still working,N/A-StillEmployed,Active,Production,Amy Dunn,11,Google Search,Fully Meets,5,3,0,01-02-2020,0,13,NA
"Biden, Lowan  M",10226,0,2,0,1,5,3,0,64919,0,19,Production Technician I,MA,2027,12-03-1960,F,Divorced,US Citizen,No,Asian,08-07-2014,,Still working,Still working,N/A-StillEmployed,Active,Production,Ketsia Liebig,19,Indeed,Fully Meets,4.2,3,0,01-10-2019,0,2,NA
"Billis, Helen",10003,1,1,0,1,5,4,0,62910,0,19,Production Technician I,MA,2031,09-01-1989,F,Married,US Citizen,No,White,07-07-2014,,Still working,Still working,N/A-StillEmployed,Active,Production,Brannon Miller,12,Indeed,Exceeds,5,3,0,02-03-2021,0,19,NA
"Blount, Dianna",10294,0,0,0,1,5,2,0,66441,0,20,Production Technician II,MA,2171,09-09-1991,F,Single,US Citizen,No,White,04-04-2011,,Still working,Still working,N/A-StillEmployed,Active,Production,Michael Albert,22,CareerBuilder,Needs Improvement,2,3,0,02-03-2021,2,3,NA
"Bondwell, Betsy",10267,0,0,0,5,5,3,0,57815,1,20,Production Technician II,MA,2210,01-04-1968,F,Single,US Citizen,No,White,01-10-2011,04-04-2014,30,916,career change,Voluntarily Terminated,Production,Elijiah Gray,16,Google Search,Fully Meets,4.8,5,0,03-04-2014,0,5,0.55%
"Booth, Frank",10199,0,0,1,4,3,3,0,103613,1,30,Enterprise Architect,CT,6033,07-06-1966,M ,Single,US Citizen,No,Black or African American,02-05-2015,02-07-2017,26,792,Learned that he is a gangster,Terminated for Cause,IT/IS,Simon Roup,4,LinkedIn,Fully Meets,3.5,5,7,01-10-2016,0,2,0.25%
"Boutwell, Bonalyn",10081,1,1,0,1,1,3,1,106367,0,26,Sr. Accountant,MA,2468,04-04-1987,F,Married,US Citizen,No,Black or African American,02-04-2016,,Still working,Still working,N/A-StillEmployed,Active,Admin Offices,Brandon R. LeBlanc,3,Diversity Job Fair,Fully Meets,5,4,3,02-06-2020,0,4,NA
"Bozzi, Charles",10175,0,0,1,5,5,3,0,74312,1,18,Production Manager,MA,1901,03-10-1970,M ,Single,US Citizen,No,Asian,09-06-2015,08-07-2014,Wrong date of termination,Wrong date of termination,retiring,Voluntarily Terminated,Production,Janet King,2,Indeed,Fully Meets,3.39,3,0,02-08-2015,0,14,NA
"Brill, Donna",10177,1,1,0,5,5,3,0,53492,1,19,Production Technician I,MA,1701,08-12-1991,F,Married,US Citizen,No,White,04-02-2012,06-03-2014,25,761,Another position,Voluntarily Terminated,Production,David Stanley,14,Google Search,Fully Meets,3.35,4,0,03-04-2013,0,6,0.79%
"Brown, Mia",10238,1,1,0,1,1,3,1,63000,0,1,Accountant I,MA,1450,11-12-1988,F,Married,US Citizen,No,Black or African American,10-03-2010,,Still working,Still working,N/A-StillEmployed,Active,Admin Offices,Brandon R. LeBlanc,1,Diversity Job Fair,Fully Meets,4.5,2,6,01-03-2020,0,14,NA
"Buccheri, Joseph  ",10184,0,0,1,1,5,3,0,65288,0,20,Production Technician II,MA,1013,07-04-1985,M ,Single,US Citizen,No,White,09-05-2016,,Still working,Still working,N/A-StillEmployed,Active,Production,Webster Butler,,Google Search,Fully Meets,3.19,3,0,02-01-2019,0,9,NA
"Bugali, Josephine ",10203,0,3,0,3,5,3,1,64375,0,19,Production Technician I,MA,2043,10-06-1971,F,Separated,US Citizen,No,Black or African American,11-11-2013,,Still working,Still working,N/A-StillEmployed,Active,Production,Kissy Sullivan,20,Diversity Job Fair,Fully Meets,3.5,5,0,01-09-2020,0,17,NA
"Bunbury, Jessica",10188,1,1,0,5,6,3,0,74326,1,3,Area Sales Manager,VA,21851,06-01-1964,F,Married,Eligible NonCitizen,No,Black or African American,08-03-2012,08-02-2014,23,702,Another position,Voluntarily Terminated,Sales,John Smith,17,Google Search,Fully Meets,3.14,5,0,02-10-2013,1,19,2.71%
"Burke, Joelle",10107,0,0,0,1,5,3,0,63763,0,20,Production Technician II,MA,2148,03-02-1980,F,Single,US Citizen,No,Black or African American,03-05-2012,,Still working,Still working,N/A-StillEmployed,Active,Production,Amy Dunn,11,Employee Referral,Fully Meets,4.51,4,0,02-09-2020,0,3,NA
"Burkett, Benjamin ",10181,1,1,1,1,5,3,0,62162,0,20,Production Technician II,MA,1890,08-07-1978,M ,Married,US Citizen,No,White,04-04-2011,,Still working,Still working,N/A-StillEmployed,Active,Production,Ketsia Liebig,19,Indeed,Fully Meets,3.25,5,0,01-02-2020,0,15,NA
"Cady, Max ",10150,0,0,1,1,4,3,0,77692,0,25,Software Engineering Manager,MA,2184,11-10-1967,M ,Single,US Citizen,No,White,08-03-2012,,Still working,Still working,N/A-StillEmployed,Active,Software Engineering,Jennifer Zamora,5,Google Search,Fully Meets,3.84,3,5,01-09-2020,0,4,NA
"Candie, Calvin",10001,0,0,1,1,5,4,0,72640,0,18,Production Manager,MA,2169,08-09-1983,M ,Single,US Citizen,No,White,01-04-2018,,Still working,Still working,N/A-StillEmployed,Active,Production,Janet King,2,Indeed,Exceeds,5,3,0,02-10-2020,0,14,NA
"Carabbio, Judith",10085,0,0,0,1,4,3,0,93396,0,24,Software Engineer,MA,2132,04-05-1987,F,Single,US Citizen,No,White,11-11-2013,,Still working,Still working,N/A-StillEmployed,Active,Software Engineering,Alex Sweetwater,10,Indeed,Fully Meets,4.96,4,6,01-06-2021,0,3,NA
"Carey, Michael  ",10115,0,0,1,1,5,3,0,52846,0,19,Production Technician I,MA,1701,02-02-1983,M ,Single,US Citizen,No,Black or African American,03-07-2016,,Still working,Still working,N/A-StillEmployed,Active,Production,Kelley Spirea,18,LinkedIn,Fully Meets,4.43,3,0,02-01-2019,0,14,NA
"Carr, Claudia  N",10082,0,0,0,2,3,3,0,100031,0,27,Sr. DBA,MA,1886,06-06-1986,F,Single,US Citizen,No,Black or African American,06-06-2018,,Still working,Still working,N/A-StillEmployed,Active,IT/IS,Simon Roup,4,LinkedIn,Fully Meets,5,5,6,02-06-2020,0,7,NA
"Carter, Michelle ",10040,0,0,0,1,6,3,0,71860,0,3,Area Sales Manager,VT,5664,05-03-1964,F,Single,US Citizen,No,White,08-06-2015,,Still working,Still working,N/A-StillEmployed,Active,Sales,John Smith,17,Indeed,Fully Meets,5,5,0,01-09-2020,0,7,NA
"Chace, Beatrice ",10067,0,0,0,1,5,3,0,61656,0,19,Production Technician I,MA,2763,01-02-1951,F,Single,US Citizen,No,White,09-05-2016,,Still working,Still working,N/A-StillEmployed,Active,Production,Michael Albert,22,Google Search,Fully Meets,5,4,0,02-12-2019,0,11,NA
"Champaigne, Brian",10108,1,1,1,1,3,3,0,110929,0,5,BI Director,MA,2045,02-09-1972,M ,Married,US Citizen,No,White,09-06-2016,,Still working,Still working,N/A-StillEmployed,Active,IT/IS,Jennifer Zamora,5,Indeed,Fully Meets,4.5,5,7,01-03-2020,0,8,NA
"Chan, Lin",10210,0,0,0,1,5,3,0,54237,0,19,Production Technician I,MA,2170,02-12-1979,F,Single,US Citizen,No,White,05-12-2014,,Still working,Still working,N/A-StillEmployed,Active,Production,Elijiah Gray,16,Indeed,Fully Meets,3.3,4,0,02-07-2020,0,11,NA
"Chang, Donovan  E",10154,0,0,1,1,5,3,0,60380,0,19,Production Technician I,MA,1845,08-12-1984,M ,Single,US Citizen,No,White,07-08-2013,,Still working,Still working,N/A-StillEmployed,Active,Production,Webster Butler,,LinkedIn,Fully Meets,3.8,5,0,01-02-2020,0,4,NA
"Chigurh, Anton",10200,0,0,1,1,6,3,0,66808,0,3,Area Sales Manager,TX,78207,06-11-1970,M ,Single,Eligible NonCitizen,No,Black or African American,05-02-2013,,Still working,Still working,N/A-StillEmployed,Active,Sales,Lynn Daneault,21,Employee Referral,Fully Meets,3,5,0,01-07-2020,0,17,NA
"Chivukula, Enola",10240,0,0,0,5,5,3,0,64786,1,19,Production Technician I,MA,1775,08-03-1985,F,Single,US Citizen,No,White,06-03-2013,11-03-2016,36,1101,relocation out of area,Voluntarily Terminated,Production,Amy Dunn,11,Indeed,Fully Meets,4.3,4,0,03-10-2015,0,3,0.27%
"Cierpiszewski, Caroline  ",10168,0,0,0,1,5,3,0,64816,0,19,Production Technician I,MA,2044,05-07-1990,F,Single,Non-Citizen,No,Black or African American,10-03-2011,,Still working,Still working,N/A-StillEmployed,Active,Production,Ketsia Liebig,19,Indeed,Fully Meets,3.58,5,0,01-06-2021,0,3,NA
"Clayton, Rick",10220,0,0,1,1,3,3,0,68678,0,14,IT Support,MA,2170,09-05-1985,M ,Single,US Citizen,No,White,09-05-2012,,Still working,Still working,N/A-StillEmployed,Active,IT/IS,Eric Dougall,6,Indeed,Fully Meets,4.7,3,6,02-03-2021,0,2,NA
"Cloninger, Jennifer",10275,1,1,0,5,5,3,0,64066,1,20,Production Technician II,MA,1752,08-07-1983,F,Married,US Citizen,No,White,05-04-2012,01-07-2013,14,452,unhappy,Voluntarily Terminated,Production,Brannon Miller,12,Google Search,Fully Meets,4.2,5,0,05-03-2012,0,9,1.99%
"Close, Phil",10269,1,1,1,5,5,3,0,59369,1,20,Production Technician II,MA,2169,11-01-1980,M ,Married,US Citizen,No,White,08-06-2012,09-02-2013,8,246,career change,Voluntarily Terminated,Production,David Stanley,14,Indeed,Fully Meets,4.2,4,0,05-04-2011,0,6,2.44%
"Clukey, Elijian",10029,1,1,1,2,5,4,0,50373,0,19,Production Technician I,MA,2134,08-02-1982,M ,Married,US Citizen,No,White,07-06-2016,,Still working,Still working,N/A-StillEmployed,Active,Production,Brannon Miller,12,Employee Referral,Exceeds,4.1,4,0,02-04-2021,0,5,NA
"Cockel, James",10261,0,0,1,1,5,3,0,63108,0,19,Production Technician I,MA,2452,09-08-1977,M ,Single,US Citizen,No,White,07-08-2013,,Still working,Still working,N/A-StillEmployed,Active,Production,David Stanley,14,Employee Referral,Fully Meets,4.4,5,0,01-02-2020,0,3,NA
"Cole, Spencer",10292,0,0,1,4,5,2,0,59144,1,19,Production Technician I,MA,1880,08-12-1979,M ,Single,US Citizen,No,Black or African American,07-11-2011,09-11-2017,72,2194,performance,Terminated for Cause,Production,Kissy Sullivan,20,LinkedIn,Needs Improvement,2,3,0,05-01-2016,5,16,0.73%
"Corleone, Michael",10282,0,2,1,1,5,2,0,68051,0,18,Production Manager,MA,1803,12-05-1976,M ,Divorced,US Citizen,No,White,07-08-2011,,Still working,Still working,N/A-StillEmployed,Active,Production,Janet King,2,CareerBuilder,Needs Improvement,4.13,2,0,01-02-2020,3,3,NA
"Corleone, Vito",10019,0,0,1,1,5,4,0,170500,0,10,Director of Operations,MA,2030,03-07-1984,M ,Single,US Citizen,No,Black or African American,01-05-2009,,Still working,Still working,N/A-StillEmployed,Active,Production,Janet King,2,Indeed,Exceeds,3.7,5,0,02-04-2019,0,15,NA
"Cornett, Lisa ",10094,1,1,0,1,5,3,0,63381,0,19,Production Technician I,MA,2189,03-07-1979,F,Married,US Citizen,Yes,White,01-05-2015,,Still working,Still working,N/A-StillEmployed,Active,Production,Kelley Spirea,18,Indeed,Fully Meets,4.73,5,0,02-02-2020,0,6,NA
"Costello, Frank",10193,1,1,1,1,3,3,0,83552,0,9,Data Analyst,MA,1810,08-02-1988,M ,Married,US Citizen,No,White,03-06-2017,,Still working,Still working,N/A-StillEmployed,Active,IT/IS,Simon Roup,4,Indeed,Fully Meets,3.04,3,6,01-10-2020,0,2,NA
"Crimmings,   Jean",10132,0,0,0,2,5,3,0,56149,0,19,Production Technician I,MA,1821,04-10-1987,F,Single,US Citizen,No,White,07-06-2016,,Still working,Still working,N/A-StillEmployed,Active,Production,Michael Albert,22,LinkedIn,Fully Meets,4.12,5,0,01-04-2021,0,15,NA
"Cross, Noah",10083,0,0,1,1,3,3,0,92329,0,28,Sr. Network Engineer,CT,6278,09-09-1965,M ,Single,US Citizen,No,White,11-10-2014,,Still working,Still working,N/A-StillEmployed,Active,IT/IS,Peter Monroe,7,Employee Referral,Fully Meets,5,3,4,01-02-2019,0,5,NA
"Daneault, Lynn",10099,0,0,0,1,6,3,0,65729,0,21,Sales Manager,VT,5473,04-07-1991,F,Single,US Citizen,No,White,05-05-2014,,Still working,Still working,N/A-StillEmployed,Active,Sales,Debra Houlihan,15,Indeed,Fully Meets,4.62,4,0,01-12-2020,0,8,NA
"Daniele, Ann  ",10212,1,1,0,3,3,3,0,85028,0,28,Sr. Network Engineer,CT,6033,01-06-1953,F,Married,US Citizen,No,White,11-10-2014,,Still working,Still working,N/A-StillEmployed,Active,IT/IS,Peter Monroe,7,LinkedIn,Fully Meets,3.1,5,8,02-12-2019,0,19,NA
"Darson, Jene'ya ",10056,1,1,0,1,5,3,0,57583,0,19,Production Technician I,MA,2110,11-05-1978,F,Married,US Citizen,No,White,07-02-2012,,Still working,Still working,N/A-StillEmployed,Active,Production,Elijiah Gray,16,Indeed,Fully Meets,5,3,0,02-01-2021,0,1,NA
"Davis, Daniel",10143,0,0,1,1,5,3,0,56294,0,20,Production Technician II,MA,2458,09-02-1980,M ,Single,Eligible NonCitizen,No,Two or more races,11-07-2011,,Still working,Still working,N/A-StillEmployed,Active,Production,Kissy Sullivan,20,LinkedIn,Fully Meets,3.96,4,0,02-03-2021,0,6,NA
"Dee, Randy",10311,1,1,1,1,6,1,0,56991,0,19,Production Technician I,MA,2138,04-03-1989,M ,Married,US Citizen,No,White,07-09-2018,,Still working,Still working,N/A-StillEmployed,Active,Production,Brannon Miller,12,Indeed,Fully Meets,4.3,4,3,01-07-2021,2,2,NA
"DeGweck,  James",10070,1,1,1,5,5,3,0,55722,1,19,Production Technician I,MA,1810,10-07-1979,M ,Married,US Citizen,No,White,05-04-2012,06-08-2016,52,1584,unhappy,Voluntarily Terminated,Production,Webster Butler,39,Indeed,Fully Meets,5,4,0,04-02-2016,0,14,0.88%
"Del Bosque, Keyla",10155,0,0,0,1,4,3,0,101199,0,24,Software Engineer,MA,2176,07-05-1979,F,Single,US Citizen,No,Black or African American,01-09-2012,,Still working,Still working,N/A-StillEmployed,Active,Software Engineering,Alex Sweetwater,10,CareerBuilder,Fully Meets,3.79,5,5,01-01-2021,0,8,NA
"Delarge, Alex",10306,0,0,1,1,6,1,0,61568,0,3,Area Sales Manager,AL,36006,11-02-1975,M ,Single,US Citizen,No,Two or more races,09-05-2016,,Still working,Still working,N/A-StillEmployed,Active,Sales,John Smith,17,Indeed,PIP,1.93,3,0,01-06-2021,6,5,NA
"Demita, Carla",10100,0,3,0,5,5,3,0,58275,1,20,Production Technician II,MA,2343,02-01-1953,F,Separated,US Citizen,No,Black or African American,04-04-2011,11-04-2015,48,1468,more money,Voluntarily Terminated,Production,Kelley Spirea,18,Google Search,Fully Meets,4.62,5,0,05-06-2015,0,1,0.07%
"Desimone, Carl ",10310,1,1,1,1,5,1,0,53189,0,19,Production Technician I,MA,2061,04-07-1968,M ,Married,US Citizen,No,White,07-07-2014,,Still working,Still working,N/A-StillEmployed,Active,Production,Amy Dunn,11,Indeed,PIP,1.12,2,0,01-07-2021,4,9,NA
"DeVito, Tommy",10197,0,0,1,1,3,3,0,96820,0,4,BI Developer,MA,2045,09-04-1983,M ,Single,US Citizen,No,White,02-03-2018,,Still working,Still working,N/A-StillEmployed,Active,IT/IS,Brian Champaigne,13,Indeed,Fully Meets,3.01,5,7,01-11-2020,0,15,NA
"Dickinson, Geoff ",10276,0,0,1,1,5,3,0,51259,0,19,Production Technician I,MA,2180,11-03-1983,M ,Single,US Citizen,No,White,05-12-2014,,Still working,Still working,N/A-StillEmployed,Active,Production,Ketsia Liebig,19,Indeed,Fully Meets,4.3,4,0,02-07-2020,0,1,NA
"Dietrich, Jenna  ",10304,0,0,0,1,6,1,0,59231,0,3,Area Sales Manager,WA,98052,05-02-1988,F,Single,US Citizen,Yes,White,02-08-2013,,Still working,Still working,N/A-StillEmployed,Active,Sales,John Smith,17,Website,PIP,2.3,1,0,01-05-2021,2,17,NA
"DiNocco, Lily ",10284,1,1,0,1,5,2,0,61584,0,19,Production Technician I,MA,2351,12-02-1978,F,Married,US Citizen,No,Black or African American,01-07-2013,,Still working,Still working,N/A-StillEmployed,Active,Production,Brannon Miller,12,Indeed,Needs Improvement,3.88,4,0,01-06-2020,0,6,NA
"Dobrin, Denisa  S",10207,0,0,0,1,5,3,0,46335,0,19,Production Technician I,MA,2125,10-07-1986,F,Single,US Citizen,Yes,White,04-02-2012,,Still working,Still working,N/A-StillEmployed,Active,Production,David Stanley,14,CareerBuilder,Fully Meets,3.4,5,0,02-07-2020,0,15,NA
"Dolan, Linda",10133,1,1,0,1,3,3,0,70621,0,14,IT Support,MA,2119,07-06-1989,F,Married,US Citizen,No,White,01-05-2015,,Still working,Still working,N/A-StillEmployed,Active,IT/IS,Peter Monroe,7,Employee Referral,Fully Meets,4.11,4,6,02-01-2021,0,16,NA
"Dougall, Eric",10028,0,0,1,1,3,4,0,138888,0,13,IT Manager - Support,MA,1886,07-09-1970,M ,Single,US Citizen,No,Black or African American,01-05-2014,,Still working,Still working,N/A-StillEmployed,Active,IT/IS,Jennifer Zamora,5,Indeed,Exceeds,4.3,5,5,01-04-2019,0,4,NA
"Driver, Elle",10006,0,0,0,1,6,4,0,74241,0,3,Area Sales Manager,CA,90007,11-08-1988,F,Single,US Citizen,No,White,01-10-2011,,Still working,Still working,N/A-StillEmployed,Active,Sales,Lynn Daneault,21,Indeed,Exceeds,4.77,5,0,01-03-2021,0,14,NA
"Dunn, Amy  ",10105,0,0,0,1,5,3,0,75188,0,18,Production Manager,MA,1731,11-04-1975,F,Single,US Citizen,No,White,09-06-2015,,Still working,Still working,N/A-StillEmployed,Active,Production,Janet King,2,Google Search,Fully Meets,4.52,4,0,01-03-2020,0,4,NA
"Dunne, Amy",10211,1,1,0,1,5,3,0,62514,0,19,Production Technician I,MA,1749,09-11-1974,F,Married,US Citizen,No,White,04-02-2012,,Still working,Still working,N/A-StillEmployed,Active,Production,Ketsia Liebig,19,Google Search,Fully Meets,2.9,3,0,01-09-2020,0,6,NA
"Eaton, Marianne",10064,1,1,0,5,5,3,0,60070,1,19,Production Technician I,MA,2343,09-05-1991,F,Married,US Citizen,No,White,04-04-2011,06-06-2017,74,2255,military,Voluntarily Terminated,Production,Kissy Sullivan,20,Google Search,Fully Meets,5,3,0,04-09-2017,0,7,0.31%
"Engdahl, Jean",10247,0,0,1,1,5,3,0,48888,0,19,Production Technician I,MA,2026,05-07-1976,M ,Single,US Citizen,No,White,11-10-2014,,Still working,Still working,N/A-StillEmployed,Active,Production,Kelley Spirea,18,LinkedIn,Fully Meets,4.7,5,0,02-01-2020,0,8,NA
"England, Rex",10235,1,1,1,1,5,3,0,54285,0,19,Production Technician I,MA,2045,08-01-1980,M ,Married,US Citizen,No,White,03-07-2016,,Still working,Still working,N/A-StillEmployed,Active,Production,Kelley Spirea,18,Employee Referral,Fully Meets,4.2,3,0,01-11-2019,0,3,NA
"Erilus, Angela",10299,0,3,0,1,5,1,0,56847,0,20,Production Technician II,MA,2133,08-01-1991,F,Separated,US Citizen,No,White,07-07-2014,,Still working,Still working,N/A-StillEmployed,Active,Production,Michael Albert,22,Indeed,PIP,3,1,0,02-01-2021,2,5,NA
"Estremera, Miguel",10280,0,0,1,4,5,2,0,60340,1,19,Production Technician I,MA,2129,09-02-1983,M ,Single,US Citizen,No,White,04-02-2012,09-03-2020,97,2956,attendance,Terminated for Cause,Production,Michael Albert,22,Google Search,Needs Improvement,5,4,0,04-12-2018,5,16,0.54%
"Evensen, April",10296,0,0,0,4,5,2,0,59124,1,19,Production Technician I,MA,2458,05-06-1989,F,Single,US Citizen,No,White,02-05-2015,02-01-2020,56,1706,"no-call, no-show",Terminated for Cause,Production,Elijiah Gray,16,Google Search,Needs Improvement,2.3,3,0,01-03-2018,5,19,1.11%
"Exantus, Susan",10290,1,1,0,4,4,2,0,99280,1,24,Software Engineer,MA,1749,05-03-1988,F,Married,US Citizen,No,Black or African American,05-02-2011,06-05-2013,27,821,attendance,Terminated for Cause,Software Engineering,Alex Sweetwater,10,Indeed,Needs Improvement,2.1,5,4,08-10-2012,4,19,2.31%
"Faller, Megan ",10263,1,1,0,1,5,3,0,71776,0,20,Production Technician II,MA,1824,09-10-1979,F,Married,US Citizen,No,Black or African American,07-07-2014,,Still working,Still working,N/A-StillEmployed,Active,Production,Elijiah Gray,16,LinkedIn,Fully Meets,4.4,5,0,02-10-2020,0,17,NA
"Fancett, Nicole",10136,0,0,0,1,5,3,0,65902,0,20,Production Technician II,MA,2324,09-03-1989,F,Single,US Citizen,No,Black or African American,02-05-2015,,Still working,Still working,N/A-StillEmployed,Active,Production,Webster Butler,,LinkedIn,Fully Meets,4,4,0,01-07-2019,0,7,NA
"Ferguson, Susan",10189,1,1,0,5,5,3,0,57748,1,19,Production Technician I,MA,2176,04-02-1956,F,Married,US Citizen,No,White,11-07-2011,05-05-2017,69,2125,military,Voluntarily Terminated,Production,Webster Butler,39,Google Search,Fully Meets,3.13,3,0,02-04-2016,0,16,0.75%
"Fernandes, Nilson  ",10308,1,1,1,1,5,1,0,64057,0,19,Production Technician I,MA,2132,10-06-1990,M ,Married,US Citizen,No,White,05-11-2015,,Still working,Still working,N/A-StillEmployed,Active,Production,Amy Dunn,11,Indeed,PIP,1.56,5,0,01-03-2019,6,15,NA
"Fett, Boba",10309,0,0,1,1,3,1,0,53366,0,15,Network Engineer,MA,2138,06-06-1988,M ,Single,US Citizen,No,White,03-06-2017,,Still working,Still working,N/A-StillEmployed,Active,IT/IS,Peter Monroe,7,LinkedIn,PIP,1.2,3,6,02-04-2019,3,2,NA
"Fidelia,  Libby",10049,1,1,0,1,5,3,0,58530,0,19,Production Technician I,MA,2155,03-04-1982,F,Married,US Citizen,No,White,01-09-2012,,Still working,Still working,N/A-StillEmployed,Active,Production,Brannon Miller,12,Google Search,Fully Meets,5,5,0,01-05-2021,0,19,NA
"Fitzpatrick, Michael  J",10093,0,0,1,5,5,3,0,72609,1,20,Production Technician II,MA,2143,10-01-1981,M ,Single,US Citizen,Yes,White,05-04-2012,06-12-2014,32,975,hours,Voluntarily Terminated,Production,Amy Dunn,11,Google Search,Fully Meets,4.76,5,0,04-05-2013,0,20,2.05%
"Foreman, Tanya",10163,1,1,0,5,5,3,0,55965,1,20,Production Technician II,MA,2170,11-08-1983,F,Married,US Citizen,No,White,04-04-2011,01-09-2013,28,881,career change,Voluntarily Terminated,Production,Ketsia Liebig,19,Google Search,Fully Meets,3.66,3,0,01-07-2012,0,6,0.68%
"Forrest, Alex",10305,1,1,1,1,6,3,0,70187,1,3,Area Sales Manager,MA,2330,07-07-1975,M ,Married,US Citizen,No,White,09-05-2016,08-07-2019,37,1155,Fatal attraction,Terminated for Cause,Sales,Lynn Daneault,21,Employee Referral,PIP,2,5,0,01-04-2021,4,7,0.61%
"Foss, Jason",10015,0,0,1,1,3,4,0,178000,0,12,IT Director,MA,1460,07-05-1980,M ,Single,US Citizen,No,Black or African American,04-03-2012,,Still working,Still working,N/A-StillEmployed,Active,IT/IS,Jennifer Zamora,5,Indeed,Exceeds,5,5,5,01-07-2019,0,15,NA
"Foster-Baker, Amy",10080,1,1,0,1,1,3,0,99351,0,26,Sr. Accountant,MA,2050,04-04-1980,F,Married,US Citizen,no,White,01-05-2009,,Still working,Still working,N/A-StillEmployed,Active,Admin Offices,Board of Directors,9,Other,Fully Meets,5,3,2,02-08-2019,0,3,NA
"Fraval, Maruk ",10258,0,0,1,1,6,3,0,67251,0,3,Area Sales Manager,CT,6050,08-04-1965,M ,Single,US Citizen,No,Black or African American,09-06-2011,,Still working,Still working,N/A-StillEmployed,Active,Sales,Lynn Daneault,21,CareerBuilder,Fully Meets,4.3,3,0,01-03-2021,2,7,NA
"Galia, Lisa",10273,0,0,0,1,3,3,0,65707,0,14,IT Support,CT,6040,07-06-1968,F,Single,US Citizen,No,White,05-01-2010,,Still working,Still working,N/A-StillEmployed,Active,IT/IS,Eric Dougall,6,LinkedIn,Fully Meets,4.7,4,5,02-01-2019,0,1,NA
"Garcia, Raul",10111,0,0,1,1,5,3,0,52249,0,19,Production Technician I,MA,1905,09-03-1986,M ,Single,US Citizen,Yes,White,03-06-2017,,Still working,Still working,N/A-StillEmployed,Active,Production,David Stanley,14,Employee Referral,Fully Meets,4.5,3,0,02-06-2020,0,5,NA
"Gaul, Barbara",10257,0,0,0,1,5,3,0,53171,0,19,Production Technician I,MA,2121,12-02-1983,F,Single,US Citizen,Yes,Black or African American,05-04-2012,,Still working,Still working,N/A-StillEmployed,Active,Production,Kelley Spirea,18,LinkedIn,Fully Meets,4.2,4,0,02-02-2021,0,12,NA
"Gentry, Mildred",10159,1,1,0,1,5,3,0,51337,0,19,Production Technician I,MA,2145,10-01-1990,F,Married,US Citizen,No,Black or African American,03-06-2017,,Still working,Still working,N/A-StillEmployed,Active,Production,Michael Albert,22,LinkedIn,Fully Meets,3.73,3,0,01-04-2020,0,19,NA
"Gerke, Melisa",10122,0,2,0,5,5,3,1,51505,1,19,Production Technician I,MA,2330,05-03-1971,F,Divorced,US Citizen,No,Black or African American,11-07-2011,11-03-2017,68,2070,hours,Voluntarily Terminated,Production,Elijiah Gray,16,Diversity Job Fair,Fully Meets,4.24,4,0,04-05-2018,0,2,0.10%
"Gill, Whitney  ",10142,0,4,0,4,6,3,0,59370,1,3,Area Sales Manager,OH,43050,07-10-1971,F,Widowed,US Citizen,No,Black or African American,07-07-2014,09-05-2015,10,306,attendance,Terminated for Cause,Sales,John Smith,17,CareerBuilder,Fully Meets,3.97,4,0,01-03-2015,0,7,2.29%
"Gilles, Alex",10283,1,1,1,5,5,2,1,54933,1,19,Production Technician I,MA,2062,08-09-1974,M ,Married,US Citizen,No,Black or African American,04-02-2012,06-01-2017,59,1798,military,Voluntarily Terminated,Production,Webster Butler,39,Diversity Job Fair,Needs Improvement,3.97,4,0,01-08-2016,3,15,0.83%
"Girifalco, Evelyn",10018,0,0,0,1,5,4,0,57815,0,19,Production Technician I,MA,2451,05-08-1980,F,Single,US Citizen,Yes,Two or more races,09-05-2016,,Still working,Still working,N/A-StillEmployed,Active,Production,Amy Dunn,11,Indeed,Exceeds,3.9,4,0,02-07-2019,0,3,NA
"Givens, Myriam",10255,0,0,0,1,6,3,0,61555,0,3,Area Sales Manager,IN,46204,09-10-1990,F,Single,US Citizen,No,White,02-04-2016,,Still working,Still working,N/A-StillEmployed,Active,Sales,Lynn Daneault,21,Indeed,Fully Meets,4.5,5,0,01-01-2021,0,20,NA
"Goble, Taisha",10246,0,0,0,4,3,3,0,114800,1,8,Database Administrator,MA,2127,10-11-1972,F,Single,US Citizen,No,White,02-04-2016,03-03-2016,Wrong date of termination,Wrong date of termination,"no-call, no-show",Terminated for Cause,IT/IS,Simon Roup,4,Indeed,Fully Meets,4.6,4,4,01-08-2016,0,10,NA
"Goeth, Amon",10228,1,1,1,1,3,3,0,74679,0,14,IT Support,MA,2135,11-12-1990,M ,Married,US Citizen,Yes,White,03-06-2017,,Still working,Still working,N/A-StillEmployed,Active,IT/IS,Peter Monroe,7,LinkedIn,Fully Meets,4.3,5,7,01-10-2019,0,20,NA
"Gold, Shenice  ",10243,0,0,0,1,5,3,0,53018,0,19,Production Technician I,MA,2451,06-06-1993,F,Single,US Citizen,Yes,White,11-11-2013,,Still working,Still working,N/A-StillEmployed,Active,Production,Ketsia Liebig,19,Indeed,Fully Meets,4.3,5,0,02-06-2020,0,7,NA
"Gonzalez, Cayo",10031,0,2,1,1,5,4,1,59892,0,19,Production Technician I,MA,2108,09-05-1971,M ,Divorced,US Citizen,No,Black or African American,07-11-2011,,Still working,Still working,N/A-StillEmployed,Active,Production,Brannon Miller,12,Diversity Job Fair,Exceeds,4.5,4,0,02-06-2020,0,1,NA
"Gonzalez, Juan",10300,1,1,1,5,5,1,1,68898,1,20,Production Technician II,MA,2128,10-12-1964,M ,Married,US Citizen,No,Black or African American,04-02-2012,05-06-2013,16,487,career change,Voluntarily Terminated,Production,Brannon Miller,12,Diversity Job Fair,PIP,3,3,0,03-06-2011,3,10,2.05%
"Gonzalez, Maria",10101,0,3,0,1,3,3,0,61242,0,14,IT Support,MA,2472,04-04-1982,F,Separated,US Citizen,Yes,White,01-05-2015,,Still working,Still working,N/A-StillEmployed,Active,IT/IS,Peter Monroe,7,Employee Referral,Fully Meets,4.61,4,5,01-04-2021,0,11,NA
"Good, Susan",10237,1,1,0,3,5,3,0,66825,0,20,Production Technician II,MA,1886,05-01-1988,F,Married,US Citizen,No,White,05-12-2014,,Still working,Still working,N/A-StillEmployed,Active,Production,David Stanley,14,LinkedIn,Fully Meets,4.6,3,0,02-07-2019,0,20,NA
"Gordon, David",10051,1,1,1,1,5,3,0,48285,0,19,Production Technician I,MA,2169,05-09-1980,M ,Married,US Citizen,No,White,07-02-2012,,Still working,Still working,N/A-StillEmployed,Active,Production,David Stanley,14,LinkedIn,Fully Meets,5,3,0,01-02-2020,0,2,NA
"Gosciminski, Phylicia  ",10218,0,3,0,3,5,3,0,66149,0,20,Production Technician II,MA,1824,12-08-1983,F,Separated,US Citizen,No,American Indian or Alaska Native,09-06-2015,,Still working,Still working,N/A-StillEmployed,Active,Production,Kissy Sullivan,20,Google Search,Fully Meets,4.4,5,0,02-09-2020,0,1,NA
"Goyal, Roxana",10256,1,1,0,3,5,3,0,49256,0,19,Production Technician I,MA,1864,10-09-1974,F,Married,US Citizen,No,Asian,08-07-2014,,Still working,Still working,N/A-StillEmployed,Active,Production,Kissy Sullivan,20,LinkedIn,Fully Meets,4.1,5,0,02-03-2020,0,3,NA
"Gray, Elijiah  ",10098,0,2,1,1,5,3,0,62957,0,18,Production Manager,MA,1752,07-11-1981,M ,Divorced,US Citizen,No,White,06-02-2015,,Still working,Still working,N/A-StillEmployed,Active,Production,Janet King,2,Employee Referral,Fully Meets,4.63,3,0,01-04-2019,0,2,NA
"Gross, Paula",10059,0,2,0,5,5,3,0,63813,1,19,Production Technician I,MA,2176,05-09-1984,F,Divorced,US Citizen,No,White,02-09-2012,01-11-2014,25,790,more money,Voluntarily Terminated,Production,Kelley Spirea,18,CareerBuilder,Fully Meets,5,5,0,06-03-2013,0,17,2.15%
"Gruber, Hans",10234,1,1,1,1,3,3,0,99020,0,4,BI Developer,MA,2134,06-06-1991,M ,Married,US Citizen,No,Black or African American,04-08-2018,,Still working,Still working,N/A-StillEmployed,Active,IT/IS,Brian Champaigne,13,Indeed,Fully Meets,4.2,5,5,01-04-2021,0,8,NA
"Guilianno, Mike",10109,0,0,1,5,6,3,0,71707,1,3,Area Sales Manager,TN,37129,02-09-1969,M ,Single,US Citizen,No,Two or more races,03-07-2012,10-07-2016,48,1468,relocation out of area,Voluntarily Terminated,Sales,John Smith,17,LinkedIn,Fully Meets,4.5,5,0,02-01-2013,0,20,1.36%
"Handschiegl, Joanne",10125,1,1,0,1,5,3,0,54828,0,19,Production Technician I,MA,2127,03-11-1978,F,Married,US Citizen,No,White,11-04-2013,,Still working,Still working,N/A-StillEmployed,Active,Production,Michael Albert,22,Google Search,Fully Meets,4.2,4,0,02-10-2020,0,13,NA
"Hankard, Earnest",10074,0,0,1,1,5,3,0,64246,0,20,Production Technician II,MA,2155,08-10-1988,M ,Single,US Citizen,Yes,White,11-11-2013,,Still working,Still working,N/A-StillEmployed,Active,Production,Kelley Spirea,18,LinkedIn,Fully Meets,5,3,0,01-08-2019,0,20,NA
"Harrington, Christie ",10097,0,0,0,5,5,3,0,52177,1,19,Production Technician I,MA,2324,08-06-1953,F,Single,US Citizen,No,White,01-09-2012,12-03-2016,42,1288,retiring,Voluntarily Terminated,Production,Webster Butler,39,CareerBuilder,Fully Meets,4.64,4,0,05-02-2015,0,8,0.62%
"Harrison, Kara",10007,1,1,0,1,5,4,0,62065,0,19,Production Technician I,MA,1886,05-02-1974,F,Married,US Citizen,No,White,05-12-2014,,Still working,Still working,N/A-StillEmployed,Active,Production,Amy Dunn,11,CareerBuilder,Exceeds,4.76,4,0,02-03-2020,0,5,NA
"Heitzman, Anthony",10129,0,0,1,1,5,3,0,46998,0,19,Production Technician I,MA,2149,01-04-1984,M ,Single,US Citizen,No,White,08-01-2013,,Still working,Still working,N/A-StillEmployed,Active,Production,Ketsia Liebig,19,Google Search,Fully Meets,4.17,4,0,02-11-2019,0,1,NA
"Hendrickson, Trina",10075,0,0,0,5,5,3,0,68099,1,20,Production Technician II,MA,2021,08-03-1974,F,Single,US Citizen,No,White,01-10-2011,06-06-2014,32,979,hours,Voluntarily Terminated,Production,Kelley Spirea,18,CareerBuilder,Fully Meets,5,3,0,01-06-2015,0,15,1.53%
"Hitchcock, Alfred",10167,1,1,1,1,6,3,0,70545,0,3,Area Sales Manager,NH,3062,09-02-1989,M ,Married,US Citizen,No,American Indian or Alaska Native,08-06-2015,,Still working,Still working,N/A-StillEmployed,Active,Sales,John Smith,17,Indeed,Fully Meets,3.6,5,0,01-06-2021,0,9,NA
"Homberger, Adrienne  J",10195,1,1,0,5,5,3,0,63478,1,20,Production Technician II,MA,2445,02-04-1985,F,Married,Non-Citizen,No,White,08-03-2012,04-07-2012,3,118,relocation out of area,Voluntarily Terminated,Production,Michael Albert,30,Indeed,Fully Meets,3.03,5,0,03-05-2012,0,16,13.56%
"Horton, Jayne",10112,0,0,0,1,3,3,0,97999,0,8,Database Administrator,MA,2493,02-09-1985,F,Single,US Citizen,No,White,03-06-2017,,Still working,Still working,N/A-StillEmployed,Active,IT/IS,Simon Roup,4,Indeed,Fully Meets,4.48,5,6,01-03-2019,0,4,NA
"Houlihan, Debra",10272,1,1,0,1,6,3,0,180000,0,11,Director of Sales,RI,2908,03-05-1967,F,Married,US Citizen,No,White,05-05-2014,,Still working,Still working,N/A-StillEmployed,Active,Sales,Janet King,2,LinkedIn,Fully Meets,4.5,4,0,01-09-2020,0,19,NA
"Howard, Estelle",10182,1,1,0,1,1,3,0,49920,1,2,Administrative Assistant,MA,2170,09-04-1986,F,Married,US Citizen,No,Black or African American,02-04-2016,04-03-2016,Wrong date of termination,Wrong date of termination,"no-call, no-show",Terminated for Cause,Admin Offices,Brandon R. LeBlanc,1,Indeed,Fully Meets,3.24,3,4,04-03-2016,0,6,NA
"Hudson, Jane",10248,0,0,0,1,5,3,0,55425,0,19,Production Technician I,MA,2176,06-10-1986,F,Single,US Citizen,No,White,02-08-2013,,Still working,Still working,N/A-StillEmployed,Active,Production,Ketsia Liebig,19,LinkedIn,Fully Meets,4.8,4,0,01-07-2019,0,4,NA
"Hunts, Julissa",10201,0,0,0,2,5,3,0,69340,0,20,Production Technician II,MA,2021,03-11-1984,F,Single,US Citizen,No,White,06-06-2016,,Still working,Still working,N/A-StillEmployed,Active,Production,Elijiah Gray,16,LinkedIn,Fully Meets,3,5,0,01-06-2020,0,4,NA
"Hutter, Rosalie",10214,0,3,0,2,5,3,0,64995,0,20,Production Technician II,MA,2351,05-07-1992,F,Separated,US Citizen,No,White,06-05-2015,,Still working,Still working,N/A-StillEmployed,Active,Production,Webster Butler,,Indeed,Fully Meets,4.5,3,0,02-02-2020,0,6,NA
"Huynh, Ming",10160,0,2,0,5,5,3,0,68182,1,20,Production Technician II,MA,1742,09-10-1977,F,Divorced,US Citizen,No,White,02-09-2012,04-01-2013,4,124,unhappy,Voluntarily Terminated,Production,Amy Dunn,11,Google Search,Fully Meets,3.72,3,0,02-01-2013,0,18,14.52%
"Immediato, Walter",10289,1,1,1,5,5,2,0,83082,1,18,Production Manager,MA,2128,11-03-1977,M ,Married,US Citizen,No,Asian,02-09-2012,09-12-2013,15,463,unhappy,Voluntarily Terminated,Production,Janet King,2,Indeed,Needs Improvement,2.34,2,0,04-12-2012,3,4,0.86%
"Ivey, Rose ",10139,0,0,0,1,5,3,0,51908,0,19,Production Technician I,MA,1775,01-04-1993,F,Single,US Citizen,No,White,08-07-2014,,Still working,Still working,N/A-StillEmployed,Active,Production,Brannon Miller,12,Indeed,Fully Meets,3.99,3,0,01-02-2020,0,14,NA
"Jackson, Maryellen",10227,0,0,0,1,5,3,0,61242,0,19,Production Technician I,MA,2081,09-11-1972,F,Single,US Citizen,No,Black or African American,11-05-2012,,Still working,Still working,N/A-StillEmployed,Active,Production,David Stanley,14,LinkedIn,Fully Meets,4.1,3,0,01-05-2020,0,7,NA
"Jacobi, Hannah  ",10236,0,2,0,1,5,3,0,45069,0,19,Production Technician I,MA,1778,03-10-1967,F,Divorced,US Citizen,No,White,09-06-2015,,Still working,Still working,N/A-StillEmployed,Active,Production,Kissy Sullivan,20,Employee Referral,Fully Meets,4.3,5,0,02-10-2020,0,7,NA
"Jeannite, Tayana",10009,0,2,0,1,5,4,0,60724,0,20,Production Technician II,MA,1821,11-06-1986,F,Divorced,US Citizen,No,American Indian or Alaska Native,07-05-2011,,Still working,Still working,N/A-StillEmployed,Active,Production,Ketsia Liebig,19,LinkedIn,Exceeds,4.6,4,0,02-01-2021,0,11,NA
"Jhaveri, Sneha  ",10060,0,3,0,1,5,3,0,60436,0,19,Production Technician I,MA,2109,04-01-1965,F,Separated,US Citizen,No,White,01-06-2014,,Still working,Still working,N/A-StillEmployed,Active,Production,Kelley Spirea,18,LinkedIn,Fully Meets,5,5,0,01-09-2020,0,9,NA
"Johnson, George",10034,1,1,1,5,5,4,0,46837,1,19,Production Technician I,MA,2445,08-07-1960,M ,Married,US Citizen,No,White,11-07-2011,04-05-2020,105,3220,more money,Voluntarily Terminated,Production,Michael Albert,22,CareerBuilder,Exceeds,4.7,4,0,02-02-2019,0,9,0.28%
"Johnson, Noelle ",10156,1,1,0,3,3,3,0,105700,0,8,Database Administrator,MA,2301,11-07-1986,F,Married,US Citizen,No,Asian,01-05-2015,,Still working,Still working,N/A-StillEmployed,Active,IT/IS,Simon Roup,4,Indeed,Fully Meets,3.75,3,5,02-11-2019,0,2,NA
"Johnston, Yen",10036,0,0,0,1,5,4,0,63322,0,20,Production Technician II,MA,2128,09-08-1969,F,Single,US Citizen,No,White,07-07-2014,,Still working,Still working,N/A-StillEmployed,Active,Production,Brannon Miller,12,LinkedIn,Exceeds,4.3,3,0,01-11-2019,0,1,NA
"Jung, Judy  ",10138,1,1,0,5,5,3,0,61154,1,19,Production Technician I,MA,2446,04-05-1987,F,Married,US Citizen,No,Black or African American,01-10-2011,04-01-2016,51,1556,unhappy,Voluntarily Terminated,Production,Elijiah Gray,16,CareerBuilder,Fully Meets,4,4,0,02-03-2016,0,4,0.26%
"Kampew, Donysha",10244,0,0,0,5,6,3,0,68999,1,21,Sales Manager,PA,19444,11-11-1989,F,Single,US Citizen,No,White,11-07-2011,04-12-2015,52,1607,maternity leave - did not return,Voluntarily Terminated,Sales,Debra Houlihan,15,Google Search,Fully Meets,4.5,5,0,03-06-2015,0,2,0.12%
"Keatts, Kramer ",10192,0,0,1,1,5,3,0,50482,0,19,Production Technician I,MA,1887,01-07-1977,M ,Single,US Citizen,No,White,09-06-2015,,Still working,Still working,N/A-StillEmployed,Active,Production,Michael Albert,22,Indeed,Fully Meets,3.07,4,0,01-11-2020,0,10,NA
"Khemmich, Bartholemew",10231,0,0,1,1,6,3,0,65310,0,3,Area Sales Manager,CO,80820,11-03-1981,M ,Single,US Citizen,No,White,08-07-2014,,Still working,Still working,N/A-StillEmployed,Active,Sales,Lynn Daneault,21,Indeed,Fully Meets,4.3,5,0,01-10-2020,0,13,NA
"King, Janet",10089,1,1,0,1,2,3,0,250000,0,16,President & CEO,MA,1902,09-09-1955,F,Married,US Citizen,Yes,White,07-02-2012,,Still working,Still working,N/A-StillEmployed,Active,Executive Office,Board of Directors,9,Indeed,Fully Meets,4.83,3,0,01-05-2020,0,10,NA
"Kinsella, Kathleen  ",10166,1,1,0,5,5,3,0,54005,1,19,Production Technician I,MA,2170,12-08-1973,F,Married,US Citizen,No,White,09-02-2013,06-04-2015,25,786,more money,Voluntarily Terminated,Production,Webster Butler,39,Google Search,Fully Meets,3.6,5,0,03-01-2015,0,16,2.04%
"Kirill, Alexandra  ",10170,1,1,0,5,5,3,0,45433,1,19,Production Technician I,MA,2127,10-08-1970,F,Married,US Citizen,No,White,09-02-2013,01-09-2014,18,569,more money,Voluntarily Terminated,Production,Amy Dunn,11,Google Search,Fully Meets,3.49,4,0,01-06-2015,0,6,1.05%
"Knapp, Bradley  J",10208,0,0,1,1,5,3,0,46654,0,19,Production Technician I,MA,1721,11-10-1977,M ,Single,US Citizen,No,Black or African American,02-05-2015,,Still working,Still working,N/A-StillEmployed,Active,Production,Ketsia Liebig,19,LinkedIn,Fully Meets,3.1,3,0,02-06-2019,0,3,NA
"Kretschmer, John",10176,1,1,1,1,5,3,0,63973,0,19,Production Technician I,MA,1801,02-02-1980,M ,Married,US Citizen,No,Asian,01-10-2011,,Still working,Still working,N/A-StillEmployed,Active,Production,Brannon Miller,12,Indeed,Fully Meets,3.38,3,0,01-09-2020,0,17,NA
"Kreuger, Freddy",10165,0,0,1,1,6,3,1,71339,0,3,Area Sales Manager,NY,10171,02-12-1970,M ,Single,US Citizen,Yes,Black or African American,03-07-2011,,Still working,Still working,N/A-StillEmployed,Active,Sales,John Smith,17,Diversity Job Fair,Fully Meets,3.65,5,0,01-05-2020,0,20,NA
"Lajiri,  Jyoti",10113,1,1,1,3,3,3,0,93206,0,28,Sr. Network Engineer,MA,2169,04-11-1987,M ,Married,US Citizen,No,White,11-10-2014,,Still working,Still working,N/A-StillEmployed,Active,IT/IS,Peter Monroe,7,Employee Referral,Fully Meets,4.46,5,6,01-07-2019,0,7,NA
"Landa, Hans",10092,1,1,1,4,5,3,0,82758,1,18,Production Manager,MA,1890,07-01-1972,M ,Married,US Citizen,No,White,01-10-2011,12-12-2015,50,1533,attendance,Terminated for Cause,Production,Janet King,2,Employee Referral,Fully Meets,4.78,4,0,02-03-2016,0,9,0.59%
"Langford, Lindsey",10106,0,2,0,5,5,3,0,66074,1,20,Production Technician II,MA,2090,07-01-1981,F,Divorced,US Citizen,No,Asian,01-07-2013,03-07-2016,36,1098,Another position,Voluntarily Terminated,Production,David Stanley,14,Indeed,Fully Meets,4.52,3,0,02-08-2015,0,20,1.82%
"Langton, Enrico",10052,1,1,1,1,5,3,0,46120,0,19,Production Technician I,MA,2048,12-09-1986,M ,Married,US Citizen,No,White,07-09-2012,,Still working,Still working,N/A-StillEmployed,Active,Production,David Stanley,14,LinkedIn,Fully Meets,5,5,0,02-04-2019,0,13,NA
"LaRotonda, William  ",10038,0,2,1,1,1,3,0,64520,0,1,Accountant I,MA,1460,04-02-1986,M ,Divorced,US Citizen,No,Black or African American,01-06-2014,,Still working,Still working,N/A-StillEmployed,Active,Admin Offices,Brandon R. LeBlanc,1,Website,Fully Meets,5,4,4,01-05-2020,0,3,NA
"Latif, Mohammed",10249,1,1,1,5,5,3,0,61962,1,20,Production Technician II,MA,2126,05-09-1984,M ,Married,US Citizen,No,White,04-02-2012,04-03-2014,25,759,more money,Voluntarily Terminated,Production,Kissy Sullivan,20,Google Search,Fully Meets,4.9,3,0,02-08-2014,0,20,2.64%
"Le, Binh",10232,0,0,0,1,3,3,0,81584,0,22,Senior BI Developer,MA,1886,06-02-1988,F,Single,US Citizen,No,Asian,10-02-2016,,Still working,Still working,N/A-StillEmployed,Active,IT/IS,Brian Champaigne,13,Indeed,Fully Meets,4.1,5,7,01-08-2019,0,2,NA
"Leach, Dallas",10087,0,0,0,5,5,3,0,63676,1,19,Production Technician I,MA,1810,01-05-1980,F,Single,US Citizen,No,Asian,09-02-2013,08-07-2019,76,2340,return to school,Voluntarily Terminated,Production,Kissy Sullivan,20,CareerBuilder,Fully Meets,4.88,3,0,07-02-2017,0,17,0.73%
"LeBlanc, Brandon  R",10134,1,1,1,1,1,3,0,93046,0,23,Shared Services Manager,MA,1460,06-10-1984,M ,Married,US Citizen,No,White,01-05-2016,,Still working,Still working,N/A-StillEmployed,Active,Admin Offices,Janet King,2,CareerBuilder,Fully Meets,4.1,4,0,01-04-2021,0,20,NA
"Lecter, Hannibal",10251,1,1,1,1,5,3,0,64738,0,19,Production Technician I,MA,1776,09-02-1982,M ,Married,US Citizen,No,Asian,05-02-2013,,Still working,Still working,N/A-StillEmployed,Active,Production,Elijiah Gray,16,Google Search,Fully Meets,4.1,3,0,02-10-2020,0,10,NA
"Leruth, Giovanni",10103,0,3,1,1,6,3,0,70468,0,3,Area Sales Manager,UT,84111,12-03-1990,M ,Separated,US Citizen,No,Black or African American,04-06-2014,,Still working,Still working,N/A-StillEmployed,Active,Sales,John Smith,17,Website,Fully Meets,4.53,3,0,01-05-2021,0,16,NA
"Liebig, Ketsia",10017,1,1,0,1,5,4,0,77915,0,18,Production Manager,MA,2110,10-02-1983,F,Married,US Citizen,No,White,09-06-2015,,Still working,Still working,N/A-StillEmployed,Active,Production,Janet King,2,Website,Exceeds,4.1,3,0,01-09-2020,0,11,NA
"Linares, Marilyn ",10186,1,1,0,5,5,3,0,52624,1,19,Production Technician I,MA,1886,03-02-1983,F,Married,US Citizen,No,White,07-05-2011,09-02-2020,105,3200,unhappy,Voluntarily Terminated,Production,Michael Albert,22,Indeed,Fully Meets,3.18,4,0,03-02-2018,0,16,0.50%
"Linden, Mathew",10137,1,1,1,3,5,3,0,63450,0,20,Production Technician II,MA,1770,03-07-1980,M ,Married,US Citizen,No,White,07-08-2013,,Still working,Still working,N/A-StillEmployed,Active,Production,Kelley Spirea,18,LinkedIn,Fully Meets,4,3,0,02-06-2020,0,7,NA
"Lindsay, Leonara ",10008,0,0,0,1,3,4,1,51777,0,14,IT Support,CT,6070,10-05-1988,F,Single,US Citizen,Yes,Black or African American,01-09-2012,,Still working,Still working,N/A-StillEmployed,Active,IT/IS,Eric Dougall,6,Diversity Job Fair,Exceeds,4.64,4,5,01-01-2021,0,14,NA
"Lundy, Susan",10096,0,4,0,5,5,3,0,67237,1,20,Production Technician II,MA,2122,12-02-1978,F,Widowed,US Citizen,No,White,07-08-2013,09-03-2017,43,1310,more money,Voluntarily Terminated,Production,Michael Albert,22,LinkedIn,Fully Meets,4.65,4,0,06-10-2016,0,15,1.15%
"Lunquist, Lisa",10035,0,0,0,1,5,4,0,73330,0,20,Production Technician II,MA,2324,03-04-1984,F,Single,US Citizen,No,Black or African American,08-07-2014,,Still working,Still working,N/A-StillEmployed,Active,Production,Elijiah Gray,16,Indeed,Exceeds,4.2,4,0,02-12-2019,0,19,NA
"Lydon, Allison",10057,1,1,0,3,5,3,0,52057,0,19,Production Technician I,MA,2122,10-10-1976,F,Married,US Citizen,No,Black or African American,02-04-2016,,Still working,Still working,N/A-StillEmployed,Active,Production,Elijiah Gray,16,Website,Fully Meets,5,3,0,01-11-2020,0,6,NA
"Lynch, Lindsay",10004,0,0,0,5,5,4,1,47434,1,19,Production Technician I,MA,1844,02-02-1974,F,Single,US Citizen,Yes,Black or African American,11-07-2011,11-02-2016,55,1676,Another position,Voluntarily Terminated,Production,Webster Butler,39,Diversity Job Fair,Exceeds,5,4,0,02-02-2015,0,17,1.01%
"MacLennan, Samuel",10191,0,4,1,5,5,3,0,52788,1,19,Production Technician I,MA,1938,11-09-1972,M ,Widowed,US Citizen,No,White,09-12-2013,09-02-2019,62,1888,hours,Voluntarily Terminated,Production,Amy Dunn,11,Indeed,Fully Meets,3.08,4,0,04-01-2017,0,18,0.95%
"Mahoney, Lauren  ",10219,0,0,0,1,5,3,0,45395,0,19,Production Technician I,MA,2189,07-07-1986,F,Single,US Citizen,No,White,01-06-2014,,Still working,Still working,N/A-StillEmployed,Active,Production,Ketsia Liebig,19,LinkedIn,Fully Meets,4.6,4,0,02-02-2021,0,14,NA
"Manchester, Robyn",10077,1,1,0,2,5,3,0,62385,0,20,Production Technician II,MA,2324,08-01-1978,F,Married,US Citizen,No,White,05-11-2016,,Still working,Still working,N/A-StillEmployed,Active,Production,Webster Butler,,LinkedIn,Fully Meets,5,3,0,01-09-2020,0,4,NA
"Mancuso, Karen",10073,1,1,0,5,5,3,0,68407,1,20,Production Technician II,MA,2176,12-10-1986,F,Married,US Citizen,No,Two or more races,07-05-2011,08-07-2013,26,793,Another position,Voluntarily Terminated,Production,Amy Dunn,11,LinkedIn,Fully Meets,5,4,0,07-02-2012,0,16,2.02%
"Mangal, Debbie",10279,1,1,0,1,5,3,0,61349,0,19,Production Technician I,MA,2451,11-07-1974,F,Married,US Citizen,No,White,11-11-2013,,Still working,Still working,N/A-StillEmployed,Active,Production,Brannon Miller,12,LinkedIn,Fully Meets,4.1,3,0,01-10-2020,0,11,NA
"Martin, Sandra",10110,0,0,0,1,4,3,0,105688,0,24,Software Engineer,MA,2135,11-07-1987,F,Single,US Citizen,No,Asian,11-11-2013,,Still working,Still working,N/A-StillEmployed,Active,Software Engineering,Alex Sweetwater,10,Google Search,Fully Meets,4.5,5,4,01-02-2020,0,14,NA
"Maurice, Shana",10053,1,1,0,1,5,3,0,54132,0,19,Production Technician I,MA,2330,11-10-1978,F,Married,US Citizen,No,White,05-07-2013,,Still working,Still working,N/A-StillEmployed,Active,Production,David Stanley,14,Indeed,Fully Meets,5,4,0,01-10-2019,0,8,NA
"Carthy, B'rigit",10076,0,0,0,1,5,3,0,55315,0,20,Production Technician II,MA,2149,05-09-1988,F,Single,US Citizen,No,Black or African American,03-06-2017,,Still working,Still working,N/A-StillEmployed,Active,Production,Ketsia Liebig,19,LinkedIn,Fully Meets,5,5,0,02-07-2019,0,16,NA
"Mckenna, Sandy",10145,1,1,0,1,5,3,0,62810,0,19,Production Technician I,MA,2184,01-07-1987,F,Married,US Citizen,No,Black or African American,01-07-2013,,Still working,Still working,N/A-StillEmployed,Active,Production,Kissy Sullivan,20,CareerBuilder,Fully Meets,3.93,3,0,01-06-2021,0,20,NA
"McKinzie, Jac",10202,1,1,1,2,6,3,0,63291,0,3,Area Sales Manager,TX,78789,07-01-1984,M ,Married,US Citizen,No,Two or more races,07-06-2016,,Still working,Still working,N/A-StillEmployed,Active,Sales,Lynn Daneault,21,Website,Fully Meets,3.4,4,0,01-05-2021,0,7,NA
"Meads, Elizabeth",10128,0,0,0,5,5,3,1,62659,1,19,Production Technician I,MA,1760,05-06-1970,F,Single,US Citizen,No,Black or African American,04-02-2012,11-11-2016,57,1742,Another position,Voluntarily Terminated,Production,Kelley Spirea,18,Diversity Job Fair,Fully Meets,4.18,4,0,02-05-2016,0,17,0.98%
"Medeiros, Jennifer",10068,0,0,0,1,5,3,0,55688,0,19,Production Technician I,MA,2346,09-10-1977,F,Single,US Citizen,No,White,03-06-2017,,Still working,Still working,N/A-StillEmployed,Active,Production,Michael Albert,22,CareerBuilder,Fully Meets,5,4,0,01-09-2020,0,10,NA
"Miller, Brannon",10116,0,0,1,1,5,3,0,83667,0,18,Production Manager,MA,2045,08-10-1981,M ,Single,US Citizen,yes,Hispanic,08-04-2013,,Still working,Still working,N/A-StillEmployed,Active,Production,Janet King,2,Indeed,Fully Meets,4.37,3,0,01-02-2020,0,2,NA
"Miller, Ned",10298,0,0,1,5,5,1,0,55800,1,20,Production Technician II,MA,2472,06-05-1987,M ,Single,US Citizen,No,White,08-03-2012,09-04-2014,25,762,unhappy,Voluntarily Terminated,Production,Brannon Miller,12,LinkedIn,PIP,3,2,0,01-02-2014,6,6,0.79%
"Monkfish, Erasumus",10213,1,1,1,1,5,3,0,58207,0,20,Production Technician II,MA,1450,08-05-1993,M ,Married,US Citizen,No,White,11-07-2011,,Still working,Still working,N/A-StillEmployed,Active,Production,David Stanley,14,LinkedIn,Fully Meets,3.7,3,0,01-08-2019,0,14,NA
"Monroe, Peter",10288,1,1,1,1,3,2,1,157000,0,13,IT Manager - Infra,MA,2134,10-05-1986,M ,Married,Eligible NonCitizen,Yes,Black or African American,02-03-2013,,Still working,Still working,N/A-StillEmployed,Active,IT/IS,Jennifer Zamora,5,Diversity Job Fair,Needs Improvement,2.39,3,6,02-10-2020,4,13,NA
"Monterro, Luisa",10025,0,0,0,1,5,4,0,72460,0,20,Production Technician II,MA,2126,04-12-1971,F,Single,US Citizen,No,Black or African American,05-01-2014,,Still working,Still working,N/A-StillEmployed,Active,Production,Kissy Sullivan,20,Indeed,Exceeds,4.7,3,0,01-02-2020,0,1,NA
"Moran, Patrick",10223,0,0,1,3,5,3,1,72106,0,20,Production Technician II,MA,2127,12-03-1976,M ,Single,US Citizen,No,Black or African American,01-09-2012,,Still working,Still working,N/A-StillEmployed,Active,Production,Kelley Spirea,18,Diversity Job Fair,Fully Meets,4.1,4,0,01-07-2021,0,12,NA
"Morway, Tanya",10151,1,1,0,1,3,3,0,52599,0,15,Network Engineer,MA,2048,04-04-1979,F,Married,US Citizen,No,White,02-04-2016,,Still working,Still working,N/A-StillEmployed,Active,IT/IS,Peter Monroe,7,CareerBuilder,Fully Meets,3.81,3,6,02-11-2019,0,6,NA
"Motlagh,  Dawn",10254,0,2,0,1,5,3,0,63430,0,19,Production Technician I,MA,2453,07-07-1984,F,Divorced,US Citizen,No,White,04-01-2013,,Still working,Still working,N/A-StillEmployed,Active,Production,Elijiah Gray,16,LinkedIn,Fully Meets,4.4,4,0,01-05-2020,0,18,NA
"Moumanil, Maliki ",10120,0,3,1,1,5,3,0,74417,0,20,Production Technician II,MA,1460,12-01-1974,M ,Separated,US Citizen,No,Black or African American,05-01-2014,,Still working,Still working,N/A-StillEmployed,Active,Production,Michael Albert,22,LinkedIn,Fully Meets,4.29,5,0,01-04-2021,0,11,NA
"Myers, Michael",10216,0,0,1,1,5,3,0,57575,0,19,Production Technician I,MA,1550,04-06-1981,M ,Single,US Citizen,No,Asian,07-08-2013,,Still working,Still working,N/A-StillEmployed,Active,Production,Kissy Sullivan,20,LinkedIn,Fully Meets,4.1,4,0,01-10-2020,0,13,NA
"Navathe, Kurt",10079,0,0,1,1,3,3,0,87921,0,22,Senior BI Developer,MA,2056,04-01-1972,M ,Single,US Citizen,No,Asian,02-10-2017,,Still working,Still working,N/A-StillEmployed,Active,IT/IS,Brian Champaigne,13,Indeed,Fully Meets,5,3,6,02-01-2021,0,17,NA
"Ndzi, Colombui",10215,0,0,1,5,5,3,1,50470,1,19,Production Technician I,MA,2110,05-02-1989,M ,Single,US Citizen,No,Black or African American,09-02-2013,04-04-2014,13,419,return to school,Voluntarily Terminated,Production,Webster Butler,39,Diversity Job Fair,Fully Meets,4.3,3,0,03-02-2013,0,19,4.54%
"Ndzi, Horia",10185,1,1,1,5,5,3,0,46664,1,19,Production Technician I,MA,2421,03-04-1985,M ,Married,US Citizen,No,White,04-01-2013,05-01-2018,60,1827,more money,Voluntarily Terminated,Production,Amy Dunn,11,Employee Referral,Fully Meets,3.18,3,0,03-06-2016,0,10,0.55%
"Newman, Richard ",10063,1,1,1,3,5,3,0,48495,0,19,Production Technician I,MA,2136,04-08-1977,M ,Married,US Citizen,No,White,05-12-2014,,Still working,Still working,N/A-StillEmployed,Active,Production,Ketsia Liebig,19,LinkedIn,Fully Meets,5,5,0,02-06-2020,0,11,NA
"Ngodup, Shari ",10037,0,3,0,1,5,4,1,52984,0,19,Production Technician I,MA,1810,06-03-1967,F,Separated,US Citizen,No,Black or African American,04-01-2013,,Still working,Still working,N/A-StillEmployed,Active,Production,Brannon Miller,12,Diversity Job Fair,Exceeds,4,3,0,02-01-2020,0,12,NA
"Nguyen, Dheepa",10042,0,0,0,1,6,3,0,63695,0,3,Area Sales Manager,GA,30428,03-07-1991,F,Single,US Citizen,No,Two or more races,07-08-2013,,Still working,Still working,N/A-StillEmployed,Active,Sales,Lynn Daneault,21,Indeed,Fully Meets,5,5,0,01-01-2021,0,2,NA
"Nguyen, Lei-Ming",10206,0,0,0,1,5,3,0,62061,0,19,Production Technician I,MA,2132,07-07-1984,F,Single,US Citizen,No,White,07-08-2013,,Still working,Still working,N/A-StillEmployed,Active,Production,David Stanley,14,LinkedIn,Fully Meets,3.6,5,0,01-02-2019,0,4,NA
"Nowlan, Kristie",10104,0,0,0,1,5,3,0,66738,0,20,Production Technician II,MA,1040,11-11-1986,F,Single,US Citizen,No,White,11-10-2014,,Still working,Still working,N/A-StillEmployed,Active,Production,Elijiah Gray,16,Indeed,Fully Meets,4.53,5,0,01-04-2020,0,5,NA
"O'hare, Lynn",10303,0,0,0,4,5,1,0,52674,1,19,Production Technician I,MA,2152,09-06-1982,F,Single,US Citizen,No,Two or more races,03-07-2016,05-01-2018,18,551,performance,Terminated for Cause,Production,Kissy Sullivan,20,LinkedIn,PIP,2.33,2,0,03-09-2018,6,3,0.54%
"Oliver, Brooke ",10078,1,1,0,5,5,3,0,71966,1,20,Production Technician II,MA,2492,02-11-1952,F,Married,US Citizen,No,Asian,05-02-2013,08-07-2014,17,518,unhappy,Voluntarily Terminated,Production,Webster Butler,39,LinkedIn,Fully Meets,5,3,0,07-02-2013,0,17,3.28%
"Onque, Jasmine",10121,0,0,0,1,6,3,0,63051,0,3,Area Sales Manager,FL,33174,05-11-1990,F,Single,US Citizen,Yes,White,09-06-2015,,Still working,Still working,N/A-StillEmployed,Active,Sales,Lynn Daneault,21,Indeed,Fully Meets,4.28,3,0,01-01-2021,0,1,NA
"Osturnka, Adeel",10021,1,1,1,1,5,4,0,47414,0,19,Production Technician I,MA,2478,12-11-1976,M ,Married,US Citizen,No,White,09-06-2015,,Still working,Still working,N/A-StillEmployed,Active,Production,Kelley Spirea,18,LinkedIn,Exceeds,5,3,0,02-07-2019,0,13,NA
"Owad, Clinton",10281,0,0,1,1,5,2,0,53060,0,19,Production Technician I,MA,1760,11-12-1980,M ,Single,US Citizen,No,Black or African American,02-05-2015,,Still working,Still working,N/A-StillEmployed,Active,Production,Michael Albert,22,LinkedIn,Needs Improvement,4.25,3,0,02-04-2019,4,6,NA
"Ozark, Travis",10041,0,0,1,1,6,3,0,68829,0,3,Area Sales Manager,NC,27229,05-07-1983,M ,Single,US Citizen,No,White,01-05-2015,,Still working,Still working,N/A-StillEmployed,Active,Sales,John Smith,17,Website,Fully Meets,5,5,0,01-02-2020,0,18,NA
"Panjwani, Nina",10148,1,1,0,5,5,3,0,63515,1,19,Production Technician I,MA,2351,05-01-1979,F,Married,US Citizen,No,White,02-07-2011,01-12-2014,40,1248,Another position,Voluntarily Terminated,Production,Elijiah Gray,16,Google Search,Fully Meets,3.89,4,0,03-04-2013,0,7,0.56%
"Patronick, Lucas",10005,0,0,1,5,4,4,1,108987,1,24,Software Engineer,MA,1844,02-08-1980,M ,Single,US Citizen,No,Black or African American,11-07-2011,09-07-2015,47,1459,Another position,Voluntarily Terminated,Software Engineering,Alex Sweetwater,10,Diversity Job Fair,Exceeds,5,5,3,08-04-2016,0,13,0.89%
"Pearson, Randall",10259,1,1,1,5,3,3,0,93093,1,9,Data Analyst,MA,2747,09-05-1984,M ,Married,US Citizen,No,White,12-01-2014,05-01-2016,23,723,performance,Voluntarily Terminated,IT/IS,Simon Roup,4,Employee Referral,Fully Meets,4.7,4,5,01-04-2017,0,19,2.63%
"Smith, Martin",10286,0,0,1,5,5,2,0,53564,1,19,Production Technician I,MA,2458,03-05-1989,M ,Single,US Citizen,No,Black or African American,01-10-2011,12-04-2019,90,2750,career change,Voluntarily Terminated,Production,Webster Butler,39,Google Search,Needs Improvement,3.54,5,0,04-06-2017,4,15,0.55%
"Pelletier, Ermine",10297,1,1,0,5,5,2,0,60270,1,20,Production Technician II,MA,2472,07-06-1990,F,Married,US Citizen,No,Asian,07-05-2011,09-03-2016,58,1768,unhappy,Voluntarily Terminated,Production,Amy Dunn,11,CareerBuilder,Needs Improvement,2.4,5,0,02-06-2015,5,2,0.11%
"Perry, Shakira",10171,0,0,0,5,5,3,0,45998,1,19,Production Technician I,MA,2176,07-08-1987,F,Single,US Citizen,No,White,05-04-2012,10-01-2017,57,1741,medical issues,Voluntarily Terminated,Production,Amy Dunn,11,LinkedIn,Fully Meets,3.45,4,0,05-01-2015,0,5,0.29%
"Peters, Lauren",10032,1,1,0,5,5,4,0,57954,1,20,Production Technician II,MA,1886,08-05-1987,F,Married,US Citizen,No,White,05-04-2012,02-04-2013,11,362,more money,Voluntarily Terminated,Production,Ketsia Liebig,19,Indeed,Exceeds,4.2,5,0,01-10-2013,0,12,3.32%
"Peterson, Ebonee  ",10130,1,1,0,5,5,3,0,74669,1,18,Production Manager,MA,2030,05-09-1977,F,Married,US Citizen,No,White,10-01-2012,05-06-2017,64,1973,Another position,Voluntarily Terminated,Production,Janet King,2,Indeed,Fully Meets,4.16,5,0,03-05-2015,0,6,0.30%
"Petingill, Shana  ",10217,1,1,0,1,5,3,0,74226,0,20,Production Technician II,MA,2050,03-10-1979,F,Married,Eligible NonCitizen,No,Asian,04-02-2012,,Still working,Still working,N/A-StillEmployed,Active,Production,Brannon Miller,12,LinkedIn,Fully Meets,4.3,3,0,01-02-2020,0,14,NA
"Petrowsky, Thelma",10016,1,1,0,1,3,4,0,93554,0,9,Data Analyst,MA,1886,09-04-1985,F,Married,US Citizen,No,Black or African American,11-10-2014,,Still working,Still working,N/A-StillEmployed,Active,IT/IS,Simon Roup,4,Employee Referral,Exceeds,4.6,5,7,01-04-2019,0,16,NA
"Pham, Hong",10050,1,1,1,5,5,3,0,64724,1,19,Production Technician I,MA,2451,03-06-1988,M ,Married,US Citizen,No,Asian,07-05-2011,11-06-2014,37,1131,more money,Voluntarily Terminated,Production,Brannon Miller,12,Google Search,Fully Meets,5,3,0,02-08-2013,0,13,1.15%
"Pitt, Brad ",10164,0,0,1,1,5,3,0,47001,0,19,Production Technician I,MA,2451,11-11-1982,M ,Single,US Citizen,No,White,11-05-2007,,Still working,Still working,N/A-StillEmployed,Active,Production,David Stanley,14,Google Search,Fully Meets,3.66,3,0,02-01-2021,0,15,NA
"Potts, Xana",10124,1,1,0,1,6,3,0,61844,0,3,Area Sales Manager,KY,40220,08-05-1990,F,Married,US Citizen,No,Black or African American,01-09-2012,,Still working,Still working,N/A-StillEmployed,Active,Sales,Lynn Daneault,21,Website,Fully Meets,4.2,5,0,02-01-2019,0,9,NA
"Power, Morissa",10187,0,2,0,5,5,3,0,46799,1,19,Production Technician I,MA,1742,10-03-1985,F,Divorced,Eligible NonCitizen,No,Asian,05-04-2012,06-04-2018,72,2192,Another position,Voluntarily Terminated,Production,Kissy Sullivan,20,Google Search,Fully Meets,3.17,4,0,04-02-2018,0,14,0.64%
"Punjabhi, Louis  ",10225,0,0,1,1,5,3,0,59472,0,19,Production Technician I,MA,2109,06-07-1962,M ,Single,US Citizen,No,White,01-06-2014,,Still working,Still working,N/A-StillEmployed,Active,Production,Kelley Spirea,18,Employee Referral,Fully Meets,4.8,3,0,01-07-2019,0,14,NA
"Purinton, Janine",10262,0,2,0,5,5,3,0,46430,1,19,Production Technician I,MA,2474,09-10-1971,F,Divorced,US Citizen,No,White,09-12-2013,06-06-2014,5,179,unhappy,Voluntarily Terminated,Production,Kissy Sullivan,20,Indeed,Fully Meets,4.5,5,0,04-02-2013,0,16,8.94%
"Quinn, Sean",10131,1,1,1,5,1,3,1,83363,1,23,Software Engineer,MA,2045,11-06-1984,M ,Married,Eligible NonCitizen,No,Black or African American,02-09-2012,08-03-2016,42,1283,career change,Voluntarily Terminated,Software Engineering,Janet King,2,Diversity Job Fair,Fully Meets,4.15,4,0,04-07-2015,0,4,0.31%
"Rachael, Maggie",10239,1,1,0,1,3,3,0,95920,0,4,BI Developer,MA,2110,05-12-1980,F,Married,US Citizen,No,Black or African American,10-02-2016,,Still working,Still working,N/A-StillEmployed,Active,IT/IS,Brian Champaigne,13,Indeed,Fully Meets,4.4,4,6,02-06-2019,0,10,NA
"Rarrick, Quinn",10152,0,2,1,5,5,3,0,61729,1,19,Production Technician I,MA,2478,12-07-1986,M ,Divorced,US Citizen,No,White,09-02-2013,04-07-2018,64,1971,more money,Voluntarily Terminated,Production,Michael Albert,22,Indeed,Fully Meets,3.8,5,0,02-04-2018,0,19,0.96%
"Ren, Kylo",10140,1,1,1,1,6,3,0,61809,0,3,Area Sales Manager,ID,83706,10-12-1954,M ,Married,US Citizen,No,White,05-12-2014,,Still working,Still working,N/A-StillEmployed,Active,Sales,John Smith,17,CareerBuilder,Fully Meets,3.98,3,0,01-04-2021,0,4,NA
"Rhoads, Thomas",10058,0,2,1,5,5,3,0,45115,1,19,Production Technician I,MA,2176,07-10-1983,M ,Divorced,US Citizen,Yes,White,05-04-2012,01-03-2017,58,1791,retiring,Voluntarily Terminated,Production,Elijiah Gray,16,LinkedIn,Fully Meets,5,4,0,03-06-2017,0,11,0.61%
"Rivera, Haley  ",10011,1,1,0,1,5,4,0,46738,0,19,Production Technician I,MA,2171,01-12-1973,F,Married,US Citizen,No,Asian,11-04-2013,,Still working,Still working,N/A-StillEmployed,Active,Production,Webster Butler,,Google Search,Exceeds,4.36,5,0,02-11-2019,0,16,NA
"Roberson, May",10230,0,2,0,5,5,3,0,64971,1,20,Production Technician II,MA,1902,09-05-1981,F,Divorced,Eligible NonCitizen,No,Black or African American,09-02-2013,10-10-2012,Wrong date of termination,Wrong date of termination,return to school,Voluntarily Terminated,Production,David Stanley,14,Google Search,Fully Meets,4.5,4,0,10-10-2012,0,10,NA
"Robertson, Peter",10224,1,1,1,5,5,3,0,55578,1,20,Production Technician II,MA,2138,07-03-1972,M ,Married,US Citizen,No,White,07-05-2011,02-08-2012,14,453,Another position,Voluntarily Terminated,Production,Kissy Sullivan,20,Indeed,Fully Meets,4.2,5,0,01-06-2012,0,13,2.87%
"Robinson, Alain  ",10047,1,1,1,5,5,3,0,50428,1,19,Production Technician I,MA,1420,01-07-1974,M ,Married,US Citizen,No,Black or African American,01-10-2011,01-02-2018,76,2315,attendance,Voluntarily Terminated,Production,Amy Dunn,11,Indeed,Fully Meets,5,3,0,01-10-2015,0,11,0.48%
"Robinson, Cherly",10285,1,1,0,4,5,2,0,61422,1,19,Production Technician I,MA,1460,01-07-1985,F,Married,US Citizen,No,White,01-10-2011,05-05-2017,67,2043,attendance,Terminated for Cause,Production,Ketsia Liebig,19,Indeed,Needs Improvement,3.6,3,0,04-05-2016,4,16,0.78%
"Robinson, Elias",10020,0,4,1,1,5,4,0,63353,0,19,Production Technician I,MA,1730,01-04-1987,M ,Widowed,US Citizen,No,White,07-08-2013,,Still working,Still working,N/A-StillEmployed,Active,Production,Brannon Miller,12,Employee Referral,Exceeds,3.6,5,0,02-11-2019,0,4,NA
"Roby, Lori ",10162,1,1,0,1,3,3,0,89883,0,9,Data Analyst,MA,1886,10-11-1981,F,Married,US Citizen,No,White,02-04-2016,,Still working,Still working,N/A-StillEmployed,Active,IT/IS,Simon Roup,4,Employee Referral,Fully Meets,3.69,5,6,02-02-2020,0,15,NA
"Roehrich, Bianca",10149,0,0,0,5,3,3,0,120000,1,29,Principal Data Architect,MA,2703,05-03-1975,F,Single,US Citizen,Yes,White,01-05-2015,11-10-2018,41,1259,Another position,Voluntarily Terminated,IT/IS,Simon Roup,4,LinkedIn,Fully Meets,3.88,3,7,02-01-2019,0,12,0.95%
"Roper, Katie",10086,0,0,0,1,3,3,0,150290,0,7,Data Architect,MA,2056,11-09-1973,F,Single,US Citizen,No,Black or African American,01-07-2017,,Still working,Still working,N/A-StillEmployed,Active,IT/IS,Brian Champaigne,13,Indeed,Fully Meets,4.94,3,5,02-06-2019,0,17,NA
"Rose, Ashley  ",10054,0,3,0,1,5,3,0,60627,0,19,Production Technician I,MA,1886,12-05-1974,F,Separated,US Citizen,No,White,01-06-2014,,Still working,Still working,N/A-StillEmployed,Active,Production,David Stanley,14,Website,Fully Meets,5,4,0,01-07-2021,0,8,NA
"Rossetti, Bruno",10065,0,0,1,5,5,3,0,53180,1,19,Production Technician I,MA,2155,03-06-1988,M ,Single,US Citizen,No,White,04-04-2011,08-01-2019,93,2836,Another position,Voluntarily Terminated,Production,Kissy Sullivan,20,Google Search,Fully Meets,5,5,0,07-02-2018,0,4,0.14%
"Roup,Simon",10198,0,0,1,1,3,3,0,140920,0,13,IT Manager - DB,MA,2481,04-05-1973,M ,Single,US Citizen,No,White,01-08-2014,,Still working,Still working,N/A-StillEmployed,Active,IT/IS,Jennifer Zamora,5,Indeed,Fully Meets,3.6,5,7,02-06-2020,0,13,NA
"Ruiz, Ricardo",10222,0,2,1,5,3,3,1,148999,1,13,IT Manager - DB,MA,1915,01-04-1964,M ,Divorced,US Citizen,No,Black or African American,01-09-2012,11-04-2015,31,952,hours,Voluntarily Terminated,IT/IS,Jennifer Zamora,5,Diversity Job Fair,Fully Meets,4.3,4,6,01-04-2015,0,8,0.84%
"Saada, Adell",10126,1,1,0,1,4,3,0,86214,0,24,Software Engineer,MA,2132,07-12-1987,F,Married,US Citizen,No,White,11-05-2012,,Still working,Still working,N/A-StillEmployed,Active,Software Engineering,Alex Sweetwater,10,Indeed,Fully Meets,4.2,3,6,02-01-2020,0,2,NA
"Saar-Beckles, Melinda",10295,0,0,0,2,5,2,1,47750,0,19,Production Technician I,MA,1801,06-06-1968,F,Single,US Citizen,No,Black or African American,07-04-2016,,Still working,Still working,N/A-StillEmployed,Active,Production,Kelley Spirea,18,Diversity Job Fair,Needs Improvement,2.6,4,0,02-06-2020,5,4,NA
"Sadki, Nore  ",10260,0,0,1,5,5,3,0,46428,1,19,Production Technician I,MA,2148,12-09-1975,M ,Single,US Citizen,No,White,01-05-2009,07-06-2020,133,4055,relocation out of area,Voluntarily Terminated,Production,Michael Albert,22,Google Search,Fully Meets,4.6,5,0,02-05-2018,0,7,0.17%
"Sahoo, Adil",10233,1,1,1,1,5,3,0,57975,0,20,Production Technician II,MA,2062,04-02-1988,M ,Married,US Citizen,No,White,08-06-2012,,Still working,Still working,N/A-StillEmployed,Active,Production,Kelley Spirea,18,CareerBuilder,Fully Meets,4.1,3,0,01-10-2019,0,13,NA
"Salter, Jason",10229,0,2,1,5,3,3,0,88527,1,9,Data Analyst ,MA,2452,12-05-1988,M ,Divorced,US Citizen,No,Black or African American,01-05-2015,10-07-2017,26,801,hours,Voluntarily Terminated,IT/IS,Simon Roup,4,LinkedIn,Fully Meets,4.2,3,5,04-08-2016,0,2,0.25%
"Sander, Kamrin",10169,1,1,0,1,5,3,0,56147,0,19,Production Technician I,MA,2154,07-10-1988,F,Married,US Citizen,No,Black or African American,09-05-2016,,Still working,Still working,N/A-StillEmployed,Active,Production,Elijiah Gray,16,LinkedIn,Fully Meets,3.51,3,0,02-06-2020,0,2,NA
"Sewkumar, Nori",10071,0,0,0,3,5,3,0,50923,0,19,Production Technician I,MA,2191,03-10-1975,F,Single,US Citizen,No,Asian,09-06-2015,,Still working,Still working,N/A-StillEmployed,Active,Production,Webster Butler,,Google Search,Fully Meets,5,5,0,02-06-2019,0,14,NA
"Shepard, Anita ",10179,1,1,0,1,3,3,0,50750,0,15,Network Engineer,MA,1773,04-02-1982,F,Married,US Citizen,No,White,09-06-2016,,Still working,Still working,N/A-StillEmployed,Active,IT/IS,Peter Monroe,7,LinkedIn,Fully Meets,3.31,3,6,01-07-2019,0,7,NA
"Shields, Seffi",10091,1,1,0,1,5,3,0,52087,0,19,Production Technician I,MA,2149,08-12-1986,F,Married,US Citizen,No,White,08-07-2014,,Still working,Still working,N/A-StillEmployed,Active,Production,Amy Dunn,11,LinkedIn,Fully Meets,4.81,4,0,02-03-2020,0,15,NA
"Simard, Kramer",10178,1,1,1,1,3,3,0,87826,0,9,Data Analyst,MA,2110,02-08-1970,M ,Married,US Citizen,Yes,White,01-05-2015,,Still working,Still working,N/A-StillEmployed,Active,IT/IS,Simon Roup,4,Employee Referral,Fully Meets,3.32,3,7,01-02-2020,0,16,NA
"Singh, Nan ",10039,0,0,0,1,1,3,0,51920,0,2,Administrative Assistant,MA,2330,05-07-1989,F,Single,US Citizen,No,White,05-01-2015,,Still working,Still working,N/A-StillEmployed,Active,Admin Offices,Brandon R. LeBlanc,1,Website,Fully Meets,5,3,5,01-03-2020,0,2,NA
"Sloan, Constance",10095,0,0,0,5,5,3,0,63878,1,20,Production Technician II,MA,1851,11-01-1989,F,Single,US Citizen,No,White,10-02-2011,04-08-2015,53,1636,maternity leave - did not return,Voluntarily Terminated,Production,Michael Albert,22,CareerBuilder,Fully Meets,4.68,4,0,04-02-2015,0,20,1.22%
"Smith, Joe",10027,0,0,1,1,5,4,0,60656,0,20,Production Technician II,MA,2045,10-06-1965,M ,Single,US Citizen,No,White,09-05-2016,,Still working,Still working,N/A-StillEmployed,Active,Production,Elijiah Gray,16,Indeed,Exceeds,4.3,3,0,01-04-2021,0,4,NA
"Smith, John",10291,0,2,1,1,6,2,1,72992,0,21,Sales Manager,MA,1886,08-04-1985,M ,Divorced,US Citizen,No,Black or African American,05-06-2015,,Still working,Still working,N/A-StillEmployed,Active,Sales,Debra Houlihan,15,Diversity Job Fair,Needs Improvement,2.4,4,0,01-04-2020,2,16,NA
"Smith, Leigh Ann",10153,1,1,0,5,1,3,1,55000,1,2,Administrative Assistant,MA,1844,06-02-1988,F,Married,US Citizen,No,Black or African American,09-02-2013,09-01-2015,23,699,career change,Voluntarily Terminated,Admin Offices,Brandon R. LeBlanc,1,Diversity Job Fair,Fully Meets,3.8,4,4,08-03-2014,0,17,2.43%
"Smith, Sade",10157,0,0,0,1,5,3,0,58939,0,19,Production Technician I,MA,2130,02-02-1965,F,Single,US Citizen,No,White,11-11-2013,,Still working,Still working,N/A-StillEmployed,Active,Production,Ketsia Liebig,19,Employee Referral,Fully Meets,3.73,3,0,01-12-2020,0,16,NA
"Soto, Julia ",10119,1,1,0,1,3,3,0,66593,0,14,IT Support,MA,2360,03-12-1973,F,Married,US Citizen,No,Black or African American,06-10-2011,,Still working,Still working,N/A-StillEmployed,Active,IT/IS,Eric Dougall,6,LinkedIn,Fully Meets,4.3,3,5,02-08-2019,0,19,NA
"Soze, Keyser",10180,1,1,1,2,3,3,0,87565,0,28,Sr. Network Engineer,MA,1545,02-09-1983,M ,Married,US Citizen,No,Asian,06-06-2018,,Still working,Still working,N/A-StillEmployed,Active,IT/IS,Peter Monroe,7,LinkedIn,Fully Meets,3.27,4,5,01-02-2020,0,13,NA
"Sparks, Taylor  ",10302,1,1,0,1,5,1,0,64021,0,19,Production Technician I,MA,2093,07-08-1969,F,Married,US Citizen,No,White,02-08-2013,,Still working,Still working,N/A-StillEmployed,Active,Production,Brannon Miller,12,Indeed,PIP,2.4,2,1,02-01-2021,6,20,NA
"Spirea, Kelley",10090,1,1,0,1,5,3,0,65714,0,18,Production Manager,MA,2451,09-06-1977,F,Married,US Citizen,No,White,10-02-2012,,Still working,Still working,N/A-StillEmployed,Active,Production,Janet King,2,LinkedIn,Fully Meets,4.83,5,0,02-02-2020,0,15,NA
"Squatrito, Kristen",10030,0,2,0,5,5,4,0,62425,1,19,Production Technician I,MA,2359,03-02-1975,F,Divorced,US Citizen,No,White,05-01-2014,06-05-2017,40,1217,unhappy,Voluntarily Terminated,Production,David Stanley,14,LinkedIn,Exceeds,4.1,4,0,03-02-2015,0,16,1.32%
"Stanford,Barbara  M",10278,0,2,0,1,5,3,0,47961,0,19,Production Technician I,MA,2050,08-01-1984,F,Divorced,US Citizen,No,Two or more races,01-10-2011,,Still working,Still working,N/A-StillEmployed,Active,Production,Kissy Sullivan,20,Google Search,Fully Meets,4.1,4,0,02-07-2019,0,9,NA
"Stansfield, Norman",10307,1,1,1,1,6,1,0,58273,0,3,Area Sales Manager,NV,89139,05-09-1974,M ,Married,US Citizen,No,White,05-12-2014,,Still working,Still working,N/A-StillEmployed,Active,Sales,Lynn Daneault,21,Website,PIP,1.81,2,0,01-05-2020,3,5,NA
"Steans, Tyrone  ",10147,0,0,1,1,1,3,0,63003,0,1,Accountant I,MA,2703,09-01-1986,M ,Single,US Citizen,No,White,09-05-2016,,Still working,Still working,N/A-StillEmployed,Active,Admin Offices,Brandon R. LeBlanc,1,Indeed,Fully Meets,3.9,5,5,01-06-2020,0,9,NA
"Stoica, Rick",10266,1,1,1,1,5,3,0,61355,0,19,Production Technician I,MA,2301,03-02-1986,M ,Married,US Citizen,No,Asian,02-05-2015,,Still working,Still working,N/A-StillEmployed,Active,Production,Kelley Spirea,18,LinkedIn,Fully Meets,4.7,3,0,01-11-2019,0,4,NA
"Strong, Caitrin",10241,1,1,0,1,6,3,0,60120,0,3,Area Sales Manager,MT,59102,05-12-1989,F,Married,US Citizen,No,Black or African American,09-03-2012,,Still working,Still working,N/A-StillEmployed,Active,Sales,John Smith,17,Indeed,Fully Meets,4.1,4,0,01-07-2021,0,18,NA
"Sullivan, Kissy ",10158,1,1,0,1,5,3,0,63682,0,18,Production Manager,MA,1776,03-04-1980,F,Married,US Citizen,No,Black or African American,01-08-2009,,Still working,Still working,N/A-StillEmployed,Active,Production,Janet King,2,Indeed,Fully Meets,3.73,4,0,01-12-2020,0,12,NA
"Sullivan, Timothy",10117,1,1,1,1,5,3,0,63025,0,19,Production Technician I,MA,2747,10-07-1982,M ,Married,US Citizen,Yes,White,01-05-2015,,Still working,Still working,N/A-StillEmployed,Active,Production,Michael Albert,22,Google Search,Fully Meets,4.36,5,0,01-12-2020,0,10,NA
"Sutwell, Barbara",10209,0,0,0,1,5,3,0,59238,0,19,Production Technician I,MA,2718,08-03-1969,F,Single,Eligible NonCitizen,No,Asian,05-02-2013,,Still working,Still working,N/A-StillEmployed,Active,Production,Elijiah Gray,16,Indeed,Fully Meets,3.4,5,0,01-07-2021,0,13,NA
"Szabo, Andrew",10024,0,0,1,1,4,4,0,92989,0,24,Software Engineer,MA,2140,05-06-1983,M ,Single,US Citizen,No,White,07-07-2014,,Still working,Still working,N/A-StillEmployed,Active,Software Engineering,Alex Sweetwater,10,LinkedIn,Exceeds,4.5,5,5,02-06-2020,0,1,NA
"Tannen, Biff",10173,1,1,1,1,3,3,0,90100,0,4,BI Developer,MA,2134,10-12-1988,M ,Married,US Citizen,No,White,04-08-2018,,Still working,Still working,N/A-StillEmployed,Active,IT/IS,Brian Champaigne,13,Indeed,Fully Meets,3.4,3,6,01-02-2019,0,14,NA
"Tavares, Desiree  ",10221,1,1,0,5,5,3,1,60754,1,19,Production Technician I,MA,1801,04-03-1975,F,Married,Non-Citizen,No,Black or African American,04-03-2011,04-01-2013,22,672,Another position,Voluntarily Terminated,Production,Webster Butler,39,Diversity Job Fair,Fully Meets,4.5,5,0,02-03-2013,0,11,1.64%
"Tejeda, Lenora ",10146,1,1,0,5,5,3,0,72202,1,20,Production Technician II,MA,2129,05-12-1954,F,Married,US Citizen,No,White,05-04-2012,07-08-2017,64,1950,Another position,Voluntarily Terminated,Production,Elijiah Gray,16,Google Search,Fully Meets,3.93,3,0,04-06-2018,0,3,0.15%
"Terry, Sharlene ",10161,0,0,0,1,6,3,0,58370,0,3,Area Sales Manager,OR,97756,05-07-1965,F,Single,US Citizen,No,Black or African American,09-05-2016,,Still working,Still working,N/A-StillEmployed,Active,Sales,Lynn Daneault,21,Indeed,Fully Meets,3.69,3,0,01-04-2021,0,18,NA
"Theamstern, Sophia",10141,0,0,0,5,5,3,0,48413,1,19,Production Technician I,MA,2066,05-09-1965,F,Single,US Citizen,No,White,07-05-2011,09-05-2016,60,1829,return to school,Voluntarily Terminated,Production,Amy Dunn,11,Indeed,Fully Meets,3.98,4,0,03-02-2016,0,1,0.06%
"Thibaud, Kenneth",10268,0,4,1,5,5,3,0,67176,1,20,Production Technician II,MA,2472,09-04-1976,M ,Widowed,US Citizen,No,White,06-01-2009,08-06-2012,41,1249,military,Voluntarily Terminated,Production,Webster Butler,39,Other,Fully Meets,4.1,4,0,07-02-2011,0,15,1.20%
"Tippett, Jeanette",10123,0,2,0,1,5,3,0,56339,0,19,Production Technician I,MA,2093,06-05-1967,F,Divorced,US Citizen,No,Black or African American,02-06-2014,,Still working,Still working,N/A-StillEmployed,Active,Production,Brannon Miller,12,Indeed,Fully Meets,4.21,5,0,01-02-2020,0,4,NA
"Torrence, Jack",10013,0,3,1,1,6,4,0,64397,0,3,Area Sales Manager,ND,58782,01-03-1969,M ,Separated,US Citizen,No,White,01-09-2006,,Still working,Still working,N/A-StillEmployed,Active,Sales,Lynn Daneault,21,Indeed,Exceeds,4.1,3,0,01-04-2019,0,6,NA
"Trang, Mei",10287,0,0,0,1,5,2,0,63025,0,19,Production Technician I,MA,2021,05-04-1984,F,Single,US Citizen,No,White,02-05-2015,,Still working,Still working,N/A-StillEmployed,Active,Production,David Stanley,14,LinkedIn,Needs Improvement,2.44,5,0,02-11-2019,4,18,NA
"Tredinnick, Neville ",10044,1,1,1,5,3,3,0,75281,1,15,Network Engineer,MA,1420,05-05-1988,M ,Married,US Citizen,No,White,01-05-2015,02-12-2016,19,581,medical issues,Voluntarily Terminated,IT/IS,Peter Monroe,7,CareerBuilder,Fully Meets,5,3,5,04-03-2016,0,11,1.89%
"True, Edward",10102,0,0,1,5,4,3,1,100416,1,24,Software Engineer,MA,2451,06-02-1984,M ,Single,Non-Citizen,No,Black or African American,02-06-2014,04-03-2019,57,1736,medical issues,Voluntarily Terminated,Software Engineering,Alex Sweetwater,10,Diversity Job Fair,Fully Meets,4.6,3,4,02-12-2017,0,9,0.52%
"Trzeciak, Cybil",10270,0,0,0,5,5,3,0,74813,1,20,Production Technician II,MA,1778,03-03-1986,F,Single,US Citizen,No,White,01-10-2011,07-02-2014,28,860,unhappy,Voluntarily Terminated,Production,Amy Dunn,11,LinkedIn,Fully Meets,4.4,3,0,01-05-2014,0,5,0.58%
"Turpin, Jumil",10045,1,1,1,1,3,3,0,76029,0,15,Network Engineer,MA,2343,03-07-1971,M ,Married,Eligible NonCitizen,No,White,03-06-2017,,Still working,Still working,N/A-StillEmployed,Active,IT/IS,Peter Monroe,7,Employee Referral,Fully Meets,5,4,7,01-02-2020,0,8,NA
"Valentin,Jackie",10205,1,1,0,1,6,3,0,57859,0,3,Area Sales Manager,AZ,85006,05-11-1992,F,Married,US Citizen,No,Two or more races,07-05-2011,,Still working,Still working,N/A-StillEmployed,Active,Sales,John Smith,17,Indeed,Fully Meets,2.81,3,0,01-05-2020,0,16,NA
"Veera, Abdellah ",10014,0,2,1,5,5,4,0,58523,1,19,Production Technician I,MA,2171,01-07-1989,M ,Divorced,US Citizen,No,White,08-01-2013,02-05-2016,39,1210,maternity leave - did not return,Voluntarily Terminated,Production,Kissy Sullivan,20,LinkedIn,Exceeds,4.5,5,0,02-01-2016,0,15,1.24%
"Vega, Vincent",10144,0,2,1,1,5,3,0,88976,0,17,Production Manager,MA,2169,10-10-1968,M ,Divorced,US Citizen,No,White,08-01-2011,,Still working,Still working,N/A-StillEmployed,Active,Production,Janet King,2,Employee Referral,Fully Meets,3.93,3,0,02-03-2021,0,19,NA
"Villanueva, Noah",10253,0,0,1,1,6,3,0,55875,0,3,Area Sales Manager,ME,4063,07-11-1989,M ,Single,US Citizen,No,Asian,03-05-2012,,Still working,Still working,N/A-StillEmployed,Active,Sales,John Smith,17,Website,Fully Meets,4.5,4,0,01-06-2020,0,11,NA
"Voldemort, Lord",10118,1,1,1,4,3,3,0,113999,1,8,Database Administrator,MA,1960,08-07-1986,M ,Married,US Citizen,No,Black or African American,02-04-2016,02-10-2018,30,913,"no-call, no-show",Terminated for Cause,IT/IS,Simon Roup,4,Employee Referral,Fully Meets,4.33,3,7,02-03-2018,0,9,0.99%
"Volk, Colleen",10022,1,1,0,4,5,4,0,49773,1,19,Production Technician I,MA,2747,06-03-1986,F,Married,US Citizen,No,White,09-02-2013,02-08-2016,41,1270,gross misconduct,Terminated for Cause,Production,Kelley Spirea,18,Google Search,Exceeds,4.3,5,0,02-01-2015,0,18,1.42%
"Von Massenbach, Anna",10183,0,0,0,2,5,3,0,62068,0,19,Production Technician I,MA,2124,04-06-1985,F,Single,US Citizen,No,White,07-05-2015,,Still working,Still working,N/A-StillEmployed,Active,Production,Michael Albert,22,LinkedIn,Fully Meets,3.21,3,0,01-05-2021,0,7,NA
"Walker, Roger",10190,0,0,1,1,5,3,0,66541,0,20,Production Technician II,MA,2459,02-10-1976,M ,Single,US Citizen,No,Black or African American,08-06-2015,,Still working,Still working,N/A-StillEmployed,Active,Production,Ketsia Liebig,19,Employee Referral,Fully Meets,3.11,5,0,02-12-2019,0,4,NA
"Wallace, Courtney  E",10274,1,1,0,5,5,3,1,80512,1,18,Production Manager,MA,2478,11-02-1956,F,Married,US Citizen,No,Black or African American,09-02-2013,01-02-2012,Wrong date of termination,Wrong date of termination,Another position,Voluntarily Terminated,Production,Janet King,2,Diversity Job Fair,Fully Meets,4.5,3,0,01-02-2012,0,5,NA
"Wallace, Theresa",10293,0,0,0,5,5,2,0,50274,1,19,Production Technician I,MA,1887,08-02-1980,F,Single,US Citizen,No,White,08-01-2013,09-01-2015,24,731,career change,Voluntarily Terminated,Production,Elijiah Gray,16,CareerBuilder,Needs Improvement,2.5,3,0,09-05-2014,6,13,1.78%
"Wang, Charlie",10172,0,0,1,1,3,3,0,84903,0,22,Senior BI Developer,MA,1887,07-08-1981,M ,Single,US Citizen,No,Asian,02-03-2018,,Still working,Still working,N/A-StillEmployed,Active,IT/IS,Brian Champaigne,13,Indeed,Fully Meets,3.42,4,7,01-04-2019,0,17,NA
"Warfield, Sarah",10127,0,4,0,1,3,3,0,107226,0,28,Sr. Network Engineer,MA,2453,05-02-1978,F,Widowed,US Citizen,No,Asian,03-06-2017,,Still working,Still working,N/A-StillEmployed,Active,IT/IS,Peter Monroe,7,Employee Referral,Fully Meets,4.2,4,8,02-05-2019,0,7,NA
"Whittier, Scott",10072,0,0,1,5,5,3,0,58371,1,19,Production Technician I,MA,2030,05-12-1988,M ,Single,US Citizen,Yes,White,01-10-2011,05-03-2015,41,1251,hours,Voluntarily Terminated,Production,Webster Butler,39,LinkedIn,Fully Meets,5,5,0,05-03-2015,0,11,0.88%
"Wilber, Barry",10048,1,1,1,5,5,3,0,55140,1,19,Production Technician I,MA,2324,09-09-1965,M ,Married,Eligible NonCitizen,No,White,05-04-2012,09-07-2015,39,1190,unhappy,Voluntarily Terminated,Production,Amy Dunn,11,Website,Fully Meets,5,3,0,02-03-2016,0,7,0.59%
"Wilkes, Annie",10204,0,2,0,5,5,3,0,58062,1,19,Production Technician I,MA,1876,07-06-1985,F,Divorced,US Citizen,No,White,01-10-2011,05-02-2013,16,493,Another position,Voluntarily Terminated,Production,Ketsia Liebig,19,Google Search,Fully Meets,3.6,5,0,02-06-2011,0,9,1.83%
"Williams, Jacquelyn  ",10264,0,0,0,5,5,3,1,59728,1,19,Production Technician I,MA,2109,10-02-1969,F,Single,US Citizen,Yes,Black or African American,01-09-2012,06-03-2017,54,1647,relocation out of area,Voluntarily Terminated,Production,Ketsia Liebig,19,Diversity Job Fair,Fully Meets,4.3,4,0,06-02-2014,0,16,0.97%
"Winthrop, Jordan  ",10033,0,0,1,5,5,4,0,70507,1,20,Production Technician II,MA,2045,11-07-1958,M ,Single,US Citizen,No,White,01-07-2013,02-09-2017,50,1524,retiring,Voluntarily Terminated,Production,Brannon Miller,12,LinkedIn,Exceeds,5,3,0,01-07-2017,0,7,0.46%
"Wolk, Hang  T",10174,0,0,0,1,5,3,0,60446,0,20,Production Technician II,MA,2302,04-08-1986,F,Single,US Citizen,No,White,09-05-2016,,Still working,Still working,N/A-StillEmployed,Active,Production,David Stanley,14,LinkedIn,Fully Meets,3.4,4,0,02-09-2020,0,14,NA
"Woodson, Jason",10135,0,0,1,1,5,3,0,65893,0,20,Production Technician II,MA,1810,05-11-1985,M ,Single,US Citizen,No,White,07-07-2014,,Still working,Still working,N/A-StillEmployed,Active,Production,Kissy Sullivan,20,LinkedIn,Fully Meets,4.07,4,0,02-04-2021,0,13,NA
"Ybarra, Catherine ",10301,0,0,0,5,5,1,0,48513,1,19,Production Technician I,MA,2458,05-04-1982,F,Single,US Citizen,No,Asian,09-02-2008,09-05-2017,111,3377,Another position,Voluntarily Terminated,Production,Brannon Miller,12,Google Search,PIP,3.2,2,0,09-02-2015,5,4,0.12%
"Zamora, Jennifer",10010,0,0,0,1,3,4,0,220450,0,6,CIO,MA,2067,08-06-1981,F,Single,US Citizen,No,White,04-10-2010,,Still working,Still working,N/A-StillEmployed,Active,IT/IS,Janet King,2,Employee Referral,Exceeds,4.6,5,6,02-09-2020,0,16,NA
"Zhou, Julia",10043,0,0,0,1,3,3,0,89292,0,9,Data Analyst,MA,2148,02-12-1980,F,Single,US Citizen,No,White,03-06-2017,,Still working,Still working,N/A-StillEmployed,Active,IT/IS,Simon Roup,4,Employee Referral,Fully Meets,5,3,5,02-01-2019,0,11,NA
"Zima, Colleen",10271,0,4,0,1,5,3,0,45046,0,19,Production Technician I,MA,1730,08-05-1979,F,Widowed,US Citizen,No,Asian,09-05-2016,,Still working,Still working,N/A-StillEmployed,Active,Production,David Stanley,14,LinkedIn,Fully Meets,4.5,5,0,01-06-2021,0,2,NA
